Date	Open	High	Low	Close	Volume
2008.05.27	624	624	624	624	55339
2008.05.31	623	624	623	624	20768
2008.06.01	624	624	624	624	20000
2008.06.02	624	630	624	626	20010
2008.06.08	633	633	629	629	15010
2008.06.15	640	640	635	635	23010
2008.06.18	647	647	639	639	15010
2008.06.24	647	647	639	639	590
2008.06.25	647	647	640	640	4342
2008.07.01	647	647	640	640	98
2008.07.08	639	640	639	640	1685
2008.07.20	639	640	639	640	216010
2008.08.13	621	639	621	639	3456
2008.08.18	620	636	620	636	6910
2008.08.23	617	636	617	636	310
2008.08.25	616	633	616	633	6860
2008.08.26	614	614	614	614	70000
2008.09.03	596	596	596	596	50000
2008.09.27	594	595	594	595	27010
2008.10.14	577	595	577	594	104788
2008.10.15	594	594	594	594	2422
2008.11.05	594	594	594	594	918350
2008.11.16	594	594	594	594	30000
2008.11.23	594	594	594	594	6000
2008.11.25	594	594	594	594	24000
2008.12.08	594	594	594	594	758
2009.01.05	594	594	594	594	2422
2009.01.13	593	593	593	593	21000
2009.01.19	593	593	593	593	29000
2009.03.01	593	593	593	593	37000
2009.03.04	593	593	593	593	15300
2009.04.19	593	593	575	593	158682
2009.05.05	593	593	593	593	246000
2009.05.10	593	593	593	593	500
2009.05.17	611	611	611	611	200
2009.07.28	516	516	516	516	54150
2009.07.29	516	516	516	516	50000
2009.08.01	516	516	516	516	92000
2009.08.04	516	516	516	516	50000
2009.08.08	516	516	516	516	50000
2009.08.09	516	516	516	516	50000
2009.08.11	516	516	516	516	50000
2009.08.12	516	516	516	516	50000
2009.08.15	516	516	516	516	50000
2009.08.17	516	516	516	516	13850
2009.08.25	516	516	516	516	500
2009.08.29	516	516	516	516	500
2009.08.30	516	516	516	516	10000
2009.09.01	527	527	527	527	5000
2009.09.02	527	527	527	527	9500
2009.09.06	527	527	527	527	30020
2009.09.07	527	527	527	527	10000
2009.09.21	527	527	527	527	500
2009.09.26	527	527	527	527	500
2009.09.28	527	527	527	527	4060
2009.10.31	441	441	441	441	500
2009.11.01	452	452	452	452	2000
2009.11.04	453	454	453	454	2060
2009.11.23	458	458	458	458	67500
2009.12.09	473	473	473	473	50000
2010.01.19	473	490	473	490	46000
2010.01.23	495	495	495	495	15440
2010.01.24	495	495	495	495	29560
2010.01.25	506	506	506	506	100000
2010.01.26	495	506	495	506	42940
2010.02.07	506	506	506	506	40000
2010.02.08	506	506	506	506	90000
2010.02.22	506	506	506	506	50000
2010.02.23	506	506	506	506	17500
2010.03.07	506	506	506	506	2148
2010.03.10	506	506	506	506	2173
2010.03.13	506	506	506	506	2250
2010.04.07	506	506	506	506	28429
2010.04.14	506	506	506	506	50000
2010.04.21	523	523	506	506	53500
2010.04.25	523	523	508	508	71000
2010.04.26	511	513	511	513	485000
2010.05.01	530	530	530	530	1000
2010.05.09	506	506	506	506	8699
2010.05.22	516	516	516	516	60000
2010.05.23	516	516	516	516	2000
2010.05.24	509	509	509	509	6699
2010.05.30	509	509	509	509	50000
2010.05.31	509	509	509	509	50000
2010.06.01	509	509	509	509	50000
2010.06.02	509	509	509	509	50000
2010.06.21	473	473	473	473	500
2010.07.12	473	473	473	473	50000
2010.07.13	482	482	473	473	26300
2010.07.20	516	516	516	516	300
2010.08.01	538	538	538	538	10000
2010.08.03	541	541	541	541	10000
2010.08.09	538	538	538	538	7990
2010.08.16	538	538	538	538	30000
2010.08.17	532	532	532	532	30000
2010.08.22	545	545	545	545	4140
2010.08.23	534	534	534	534	16140
2010.08.29	534	534	534	534	34860
2010.08.30	541	541	541	541	92000
2010.10.05	541	541	541	541	74300
2010.10.10	534	534	534	534	4700
2010.10.18	534	534	534	534	5300
2010.10.20	541	541	541	541	30000
2010.10.24	562	562	540	540	100000
2010.10.30	565	565	540	565	4378
2010.11.01	538	538	538	538	86000
2010.11.20	473	473	473	473	50000
2010.12.14	473	473	473	473	200000
2010.12.22	473	473	473	473	500
2011.01.02	463	472	463	463	20500
2011.01.19	473	473	473	473	1130
2011.02.26	472	472	472	472	1130
2011.03.28	454	454	454	454	486
2011.04.13	453	453	453	453	2300
2011.04.20	472	472	472	472	10310
2011.05.03	472	472	472	472	125866
2011.05.30	490	490	490	490	200
2011.06.14	491	491	490	490	50001
2011.06.18	490	490	490	490	5000
2011.06.28	456	456	456	456	5000
2011.07.11	441	441	441	441	201
2011.07.12	441	441	438	438	11482
2011.07.13	435	435	435	435	23000
2011.07.16	429	429	429	429	13000
2011.07.18	441	441	441	441	135540
2011.07.19	441	452	441	452	43799
2011.07.20	463	463	463	463	19519
2011.07.23	453	453	453	453	44460
2011.07.25	463	463	463	463	25000
2011.07.26	472	472	472	472	65873
2011.07.27	472	472	472	472	200000
2011.07.31	453	453	453	453	60000
2011.08.01	453	472	453	472	120500
2011.08.02	453	453	453	453	50000
2011.08.03	453	453	452	452	69000
2011.08.06	452	452	452	452	50000
2011.08.07	452	452	452	452	50000
2011.08.08	452	452	452	452	12228
2011.08.09	470	470	470	470	50000
2011.08.13	447	447	447	447	33000
2011.08.14	456	456	456	456	5500
2011.08.15	467	467	467	467	22900
2011.08.17	459	459	459	459	50000
2011.08.20	459	459	452	452	132272
2011.08.21	452	452	452	452	50000
2011.08.23	452	452	452	452	50000
2011.08.24	452	467	448	467	59341
2011.08.28	452	467	452	467	52370
2011.08.29	452	452	452	452	48000
2011.08.30	452	452	452	452	50000
2011.09.03	452	452	452	452	50000
2011.09.04	452	452	448	452	101300
2011.09.05	452	452	452	452	750000
2011.09.07	467	467	467	467	14000
2011.09.10	452	452	452	452	50000
2011.09.11	452	452	452	452	50000
2011.09.17	467	467	467	467	720037
2011.09.19	465	465	465	465	50000
2011.09.20	448	448	448	448	1300
2011.09.21	456	456	456	456	50000
2011.09.28	456	456	456	456	50000
2011.10.02	456	456	448	448	69116
2011.10.12	452	453	452	453	151500
2011.10.16	448	448	448	448	3300
2011.10.19	467	467	467	467	867660
2011.10.24	456	456	456	456	50000
2011.10.25	456	456	456	456	50000
2011.11.27	457	457	457	457	60000
2011.11.29	457	457	457	457	63500
2011.11.30	457	457	457	457	50000
2011.12.11	456	456	456	456	40000
2011.12.18	456	456	456	456	50000
2011.12.19	456	456	456	456	46000
2011.12.20	452	452	448	448	49870
2012.01.01	450	450	450	450	2250
2012.03.11	271	271	271	271	900
2012.03.24	252	252	252	252	202
2012.04.10	252	252	252	252	900
2012.04.28	271	271	271	271	5000
2012.06.10	273	273	273	273	4292
2012.06.13	274	274	274	274	4292
2012.07.10	254	268	254	268	290
2012.07.11	268	268	268	268	717462
2012.07.14	268	268	268	268	451
2012.07.21	268	268	268	268	1000
2012.07.25	268	268	268	268	48980
2012.07.28	268	268	268	268	10
2012.07.31	268	268	268	268	3562576
2012.08.01	271	276	271	271	33269
2012.08.08	261	262	261	262	50000
2012.08.11	262	262	261	261	1016731
2012.08.14	268	268	268	268	300
2012.08.25	262	262	262	262	5964089
2012.09.10	262	262	262	262	1
2012.09.18	262	262	262	262	78825
2012.09.30	259	259	259	259	110708
2012.10.07	259	259	259	259	120290
2012.10.09	249	259	249	259	120000
2012.10.14	259	259	259	259	100000
2012.10.15	259	259	259	259	50000
2012.10.20	266	266	266	266	3224
2012.10.21	259	259	248	248	37127
2012.10.22	246	246	246	246	40000
2012.10.24	255	255	255	255	33330
2012.10.27	244	259	244	245	25087
2012.10.29	243	243	243	243	500
2012.10.30	243	243	243	243	694
2012.11.05	243	243	243	243	500
2012.11.07	243	243	243	243	10246
2012.11.10	243	252	243	252	98547
2012.11.11	245	247	245	245	4300
2012.11.12	241	241	241	241	5700
2012.11.13	241	241	241	241	20000
2012.11.14	254	254	254	254	13
2012.11.19	240	241	240	240	7487
2012.11.20	239	239	239	239	8000
2012.11.21	247	247	242	242	8000
2012.11.27	259	259	259	259	11217
2012.12.01	259	259	259	259	96776
2012.12.02	262	262	262	262	5000
2012.12.03	264	264	264	264	100003
2012.12.04	269	269	259	269	600987
2012.12.05	279	279	279	279	40502
2012.12.08	283	283	281	281	22115
2012.12.09	262	262	262	262	6723
2012.12.11	261	262	261	261	2020
2012.12.15	261	261	261	261	32011
2012.12.16	274	274	274	274	100
2012.12.17	259	278	259	278	434117
2012.12.18	284	284	284	284	7000
2012.12.23	284	286	284	286	6110
2012.12.24	276	276	276	276	296
2012.12.25	265	265	265	265	2000
2012.12.26	265	265	265	265	6000
2012.12.29	264	264	264	264	715
2013.01.28	284	284	284	284	5000
2013.02.03	284	284	284	284	73500
2013.02.11	276	276	276	276	100
2013.02.12	273	273	273	273	200
2013.02.16	273	273	273	273	783
2013.03.02	273	273	273	273	6136
2013.03.03	272	272	272	272	1000
2013.03.04	272	272	272	272	1944
2013.03.12	272	272	272	272	120
2013.03.13	272	272	272	272	35588
2013.03.18	270	270	270	270	125
2013.03.25	270	270	270	270	9870
2013.03.26	269	269	269	269	200
2013.03.27	269	269	269	269	3000
2013.03.30	268	268	268	268	600
2013.03.31	268	268	268	268	354
2013.04.03	268	268	268	268	100
2013.04.06	268	268	268	268	7250
2013.04.07	268	268	268	268	3
2013.04.08	268	268	268	268	2500
2013.04.09	268	268	268	268	197
2013.04.10	268	268	268	268	3076
2013.04.13	268	268	268	268	100
2013.04.15	268	268	268	268	2000
2013.04.16	268	270	268	268	177577
2013.04.17	260	280	260	265	14586
2013.04.20	280	280	268	268	2000
2013.04.21	265	265	265	265	5000
2013.04.22	281	281	281	281	46668
2013.04.23	283	283	283	283	88569
2013.04.24	288	288	288	288	4715
2013.04.27	288	288	288	288	4000
2013.04.28	289	289	289	289	192000
2013.04.29	300	300	300	300	310900
2013.04.30	312	312	312	312	570000
2013.05.01	324	324	300	301	199147
2013.05.04	307	325	307	307	64710
2013.05.06	304	304	304	304	70248
2013.05.07	299	307	299	299	185500
2013.05.08	289	290	289	289	40239
2013.05.11	287	304	287	287	85616
2013.05.12	292	292	283	292	58620
2013.05.13	280	280	280	280	18832
2013.05.14	279	279	279	279	36980
2013.05.15	278	278	277	277	125800
2013.05.19	276	276	270	270	12000
2013.05.20	270	290	270	290	31229
2013.05.22	270	270	270	270	5000
2013.05.25	292	292	292	292	7600
2013.05.26	293	293	292	293	27450
2013.05.27	294	294	294	294	5800
2013.05.28	295	295	295	295	51581
2013.06.01	298	298	298	298	10
2013.06.02	298	298	298	298	307000
2013.06.03	310	310	310	310	259549
2013.06.08	322	322	322	322	661915
2013.06.09	335	335	335	335	150000
2013.06.10	345	345	345	345	341600
2013.06.17	335	348	335	348	130000
2013.06.18	356	356	356	356	250000
2013.06.19	370	370	370	370	312000
2013.06.22	372	379	356	370	1497668
2013.06.23	366	368	351	351	160326
2013.06.25	371	371	366	367	597480
2013.06.26	385	385	380	385	602848
2013.06.29	400	400	387	400	650010
2013.06.30	416	416	416	416	111930
2013.07.01	425	425	425	425	113634
2013.07.02	435	435	409	435	1934476
2013.07.03	450	450	450	450	9210
2013.07.06	450	450	450	450	86436
2013.07.07	460	460	460	460	1149423
2013.07.08	477	477	477	477	21000
2013.07.09	480	480	480	480	16300
2013.07.10	482	482	482	482	1340
2013.07.13	482	482	482	482	93753
2013.07.14	491	491	465	491	1215560
2013.07.15	507	507	506	507	186546
2013.07.16	526	526	526	526	822397
2013.07.17	548	548	548	548	704162
2013.07.20	569	569	569	569	218303
2013.07.21	591	591	591	591	213265
2013.07.22	614	614	602	614	1767302
2013.07.23	639	639	639	639	1408861
2013.07.24	624	664	614	664	2784535
2013.07.27	674	674	622	660	2319522
2013.07.28	688	696	645	696	1902134
2013.07.29	712	713	710	713	872000
2013.07.31	742	742	742	742	345000
2013.08.03	771	771	771	771	467137
2013.08.04	801	801	801	801	194400
2013.08.05	834	834	770	770	2289427
2013.08.06	770	801	770	771	5041065
2013.08.07	775	807	775	807	2937615
2013.08.11	818	827	771	771	725955
2013.08.12	752	764	752	752	299335
2013.08.13	722	722	722	722	29082
2013.08.14	718	718	718	718	2901
2013.08.17	718	718	718	718	200
2013.08.18	718	718	718	718	100
2013.08.19	718	718	718	718	9110
2013.08.20	716	716	716	716	50954
2013.08.21	708	708	708	708	190220
2013.08.24	681	681	681	681	307
2013.08.25	652	667	626	626	2469427
2013.08.26	647	659	645	659	2331603
2013.08.27	645	678	633	633	632380
2013.08.28	611	611	611	611	40000
2013.08.31	605	605	605	605	14966
2013.09.01	603	603	603	603	6635
2013.09.03	602	602	602	602	201
2013.09.04	602	602	602	602	355
2013.09.10	602	638	602	602	1196617
2013.09.11	634	634	585	585	1006299
2013.09.14	584	584	584	584	8450
2013.09.15	583	583	583	583	83400
2013.09.16	573	573	573	573	100
2013.09.17	573	573	573	573	400
2013.09.18	573	617	573	602	1538921
2013.09.21	601	601	578	601	828091
2013.09.22	599	604	572	581	477117
2013.09.23	594	594	553	565	1914140
2013.09.24	565	577	562	577	1590683
2013.09.25	599	599	593	599	1052003
2013.09.28	622	622	622	622	367054
2013.09.29	647	647	597	597	1850704
2013.09.30	601	611	601	601	326320
2013.10.01	577	607	577	577	1453083
2013.10.02	570	596	555	570	1302822
2013.10.05	570	588	565	588	897840
2013.10.06	604	604	560	579	666338
2013.10.07	581	581	561	567	1420879
2013.10.08	560	575	545	575	498369
2013.10.09	576	589	570	589	756562
2013.10.12	611	611	611	611	255912
2013.10.13	634	634	588	599	3300793
2013.10.14	598	613	598	598	515545
2013.10.15	579	602	576	576	1153208
2013.10.19	591	594	573	576	680619
2013.10.22	616	640	616	623	2200250
2013.10.23	659	659	634	643	2756306
2013.10.26	646	676	625	666	1877647
2013.10.27	675	678	652	678	2586278
2013.10.28	686	696	652	659	949997
2013.10.29	654	669	652	652	1033081
2013.10.30	650	681	635	681	1839269
2013.11.02	696	696	652	663	1567592
2013.11.03	674	681	657	667	1587806
2013.11.04	669	704	669	679	1067406
2013.11.05	679	687	667	669	1294534
2013.11.06	679	705	671	705	2060251
2013.11.09	721	726	688	726	1000448
2013.11.10	725	749	705	732	1813470
2013.11.11	747	758	734	758	1803663
2013.11.12	784	784	775	784	1493678
2013.11.16	805	815	798	815	1049037
2013.11.17	842	842	779	818	2593133
2013.11.18	818	851	786	839	1183787
2013.11.19	868	868	868	868	962736
2013.11.20	889	889	834	840	1552805
2013.11.23	818	839	817	817	280950
2013.11.24	818	827	786	805	2285405
2013.11.25	818	824	786	796	1458074
2013.11.26	818	839	800	839	2243969
2013.11.27	868	868	868	868	369722
2013.11.30	868	902	868	902	2015876
2013.12.01	933	933	887	902	2827138
2013.12.02	925	925	882	897	1641201
2013.12.03	883	899	854	854	960450
2013.12.04	841	880	830	835	1477108
2013.12.07	831	888	820	880	3271152
2013.12.08	885	899	865	899	1672470
2013.12.09	909	917	858	858	1245103
2013.12.10	861	887	830	850	932282
2013.12.11	841	887	841	861	1165378
2013.12.14	841	875	838	838	1119126
2013.12.15	818	858	806	837	1467433
2013.12.16	801	850	801	850	1359607
2013.12.17	875	877	840	840	1019089
2013.12.18	863	892	863	871	1118768
2013.12.21	881	883	846	849	933973
2013.12.22	869	880	824	867	1027032
2013.12.24	873	890	873	890	642487
2013.12.25	917	922	907	922	1942743
2013.12.28	936	957	926	957	1196090
2013.12.29	991	991	991	991	225120
2013.12.30	1001	1022	952	952	3150848
2014.01.01	940	952	940	940	494120
2014.01.04	937	949	903	903	2255652
2014.01.05	925	951	895	951	1916901
2014.01.06	958	958	905	912	1806189
2014.01.07	914	946	914	930	1192450
2014.01.08	941	941	914	922	580645
2014.01.11	925	957	914	957	1789952
2014.01.12	979	985	911	946	2226468
2014.01.13	970	978	907	978	1371570
2014.01.14	1001	1001	926	990	2383159
2014.01.15	987	1026	953	1026	1164933
2014.01.18	1033	1033	979	1011	1095964
2014.01.20	1011	1011	975	975	738022
2014.01.21	990	1012	949	981	576918
2014.01.22	987	987	956	956	1594064
2014.01.25	921	966	919	919	450902
2014.01.26	917	946	895	895	432134
2014.01.27	860	865	860	865	223893
2014.01.28	865	894	865	865	306800
2014.01.29	866	914	866	914	379904
2014.02.01	931	942	930	942	393226
2014.02.02	905	924	900	900	227825
2014.02.03	871	875	871	871	265910
2014.02.04	841	861	841	844	83152
2014.02.05	826	826	825	825	81315
2014.02.08	811	811	811	811	13090
2014.02.09	809	824	809	809	153346
2014.02.10	785	785	785	785	57105
2014.02.15	775	775	775	775	1044
2014.02.16	775	815	775	786	484040
2014.02.17	811	817	765	813	514651
2014.02.18	781	803	780	796	102677
2014.02.24	645	645	620	620	94735
2014.02.25	622	626	618	618	321059
2014.02.26	595	611	595	595	423053
2014.03.01	573	594	573	576	526856
2014.03.02	555	592	555	571	222011
2014.03.03	560	560	547	548	273963
2014.03.04	526	569	526	566	248152
2014.03.05	589	589	587	589	120147
2014.03.08	603	603	603	603	183696
2014.03.09	625	625	625	625	122917
2014.03.10	641	641	641	641	165608
2014.03.11	663	663	641	661	589115
2014.03.12	674	686	635	635	335908
2014.03.15	681	681	630	676	229924
2014.03.16	676	676	626	667	197218
2014.03.17	645	667	645	665	115859
2014.03.18	667	678	660	660	248339
2014.03.19	684	688	640	640	563135
2014.03.25	652	654	652	652	42720
2014.03.26	645	645	645	645	82973
2014.03.29	634	634	634	634	25419
2014.03.30	632	645	630	645	94227
2014.03.31	647	647	624	633	155384
2014.04.05	616	618	608	608	271292
2014.04.06	624	624	587	619	54692
2014.04.07	595	607	595	606	89023
2014.04.08	584	631	584	607	51259
2014.04.09	583	600	583	591	159475
2014.04.12	585	593	571	583	55053
2014.04.13	569	569	568	568	480163
2014.04.14	545	545	545	545	151416
2014.04.15	570	570	528	528	57388
2014.04.16	538	567	538	567	206954
2014.04.19	545	545	543	543	33600
2014.04.20	544	583	541	541	136016
2014.04.21	533	572	533	572	156341
2014.04.22	586	586	560	560	153738
2014.04.23	560	591	554	560	95579
2014.04.26	570	597	570	597	344050
2014.04.27	616	616	581	585	538449
2014.04.28	607	607	582	582	77968
2014.04.29	582	599	574	599	35820
2014.04.30	571	585	571	585	202752
2014.05.03	587	587	549	572	286803
2014.05.04	550	566	543	566	4574
2014.05.05	551	551	529	530	440020
2014.05.06	518	538	514	514	452389
2014.05.07	538	538	516	516	163309
2014.05.10	513	526	506	506	347252
2014.05.11	506	506	491	495	330290
2014.05.12	480	506	480	482	278254
2014.05.14	480	511	474	511	328456
2014.05.17	519	519	482	482	361937
2014.05.18	495	505	484	495	288523
2014.05.19	509	514	492	495	435682
2014.05.20	513	518	498	516	267688
2014.05.21	526	526	494	497	602468
2014.05.24	516	523	490	523	1134927
2014.05.25	526	536	504	536	511953
2014.05.26	555	555	533	545	571792
2014.05.28	545	564	541	543	194687
2014.05.31	541	574	538	540	622171
2014.06.01	555	581	541	550	827947
2014.06.07	559	579	537	549	362230
2014.06.08	541	568	541	541	347964
2014.06.09	560	560	528	528	151177
2014.06.10	514	548	514	544	570227
2014.06.11	547	547	517	527	359768
2014.06.14	521	521	519	519	91059
2014.06.15	511	513	511	511	17016
2014.06.16	513	514	510	510	4500
2014.06.17	509	527	509	527	46347
2014.06.18	514	516	514	516	72000
2014.06.21	506	540	506	534	107226
2014.06.22	521	545	518	544	170592
2014.06.23	534	549	534	540	66319
2014.06.24	518	518	517	518	51272
2014.06.25	513	550	513	550	4900
2014.06.28	554	554	512	513	66406
2014.06.29	508	509	507	507	105331
2014.06.30	516	516	497	501	9941
2014.07.01	516	520	497	499	194381
2014.07.02	509	519	506	519	65655
2014.07.05	526	529	521	523	60217
2014.07.06	516	526	506	509	83922
2014.07.07	504	509	504	509	5500
2014.07.08	499	518	499	506	97594
2014.07.09	497	501	493	499	224918
2014.07.12	492	495	492	495	2000
2014.07.13	484	495	477	495	44944
2014.07.14	476	484	476	484	28627
2014.07.15	487	508	484	495	106262
2014.07.16	499	513	495	495	109827
2014.07.20	491	511	491	509	14916
2014.07.21	509	516	506	516	90752
2014.07.22	524	524	511	518	67530
2014.07.23	511	526	510	511	35523
2014.07.26	495	495	491	491	54770
2014.07.27	491	504	486	495	32005
2014.07.28	516	516	487	489	196906
2014.08.02	487	488	487	487	9000
2014.08.03	487	487	473	473	140844
2014.08.04	473	473	467	467	4500
2014.08.05	470	487	470	471	257791
2014.08.06	472	487	471	487	83917
2014.08.09	478	494	475	494	612745
2014.08.10	506	506	506	506	210712
2014.08.11	526	526	526	526	180751
2014.08.12	545	545	545	545	274011
2014.08.13	567	567	567	567	640488
2014.08.16	581	590	567	590	457524
2014.08.17	606	606	592	606	449980
2014.08.18	630	630	630	630	79100
2014.08.19	640	640	640	640	126000
2014.08.20	657	657	657	657	268020
2014.08.23	683	683	683	683	559877
2014.08.24	710	710	710	710	198787
2014.08.25	766	766	735	735	775930
2014.08.26	718	776	718	776	3705953
2014.08.27	777	777	775	777	1076099
2014.08.30	806	806	749	782	949166
2014.08.31	764	792	758	758	755751
2014.09.01	758	771	732	753	209038
2014.09.02	764	782	764	782	254569
2014.09.03	807	807	797	807	1963295
2014.09.06	818	818	775	775	151457
2014.09.07	756	795	756	756	441581
2014.09.08	727	779	726	726	179575
2014.09.09	743	743	702	702	32600
2014.09.10	698	749	698	743	662885
2014.09.13	721	733	678	678	1157761
2014.09.14	665	708	665	684	1491767
2014.09.15	668	701	668	681	256503
2014.09.16	715	715	700	715	193648
2014.09.17	740	740	721	740	1525306
2014.09.20	769	769	769	769	238830
2014.09.21	800	800	769	800	1022701
2014.09.22	818	827	800	827	599323
2014.09.23	840	858	840	858	1029460
2014.09.24	871	891	827	880	2161262
2014.09.27	891	891	837	837	91871
2014.09.28	826	869	825	825	634420
2014.09.29	816	857	798	831	2256401
2014.09.30	856	857	856	857	453052
2014.10.01	861	890	861	890	1357416
2014.10.04	919	924	890	924	1353214
2014.10.06	946	953	914	924	1786718
2014.10.07	952	979	904	946	2924732
2014.10.08	907	963	907	910	4466889
2014.10.11	974	974	974	974	752198
2014.10.12	1012	1012	1012	1012	539908
2014.10.14	1053	1053	1053	1053	277421
2014.10.15	1094	1094	1094	1094	425574
2014.10.18	1138	1138	1089	1138	2170291
2014.10.19	1163	1181	1106	1181	969940
2014.10.20	1218	1218	1129	1129	1460372
2014.10.21	1126	1218	1126	1218	2675263
2014.10.22	1205	1205	1159	1173	1753945
2014.10.25	1190	1190	1165	1170	269159
2014.10.26	1129	1173	1129	1129	276809
2014.10.27	1140	1166	1130	1164	349546
2014.10.28	1176	1190	1133	1181	134443
2014.10.29	1190	1190	1128	1170	224790
2014.11.01	1181	1181	1123	1153	128858
2014.11.02	1156	1179	1095	1101	226893
2014.11.05	1174	1174	1094	1106	76992
2014.11.08	1094	1128	1079	1097	249369
2014.11.09	1042	1119	1042	1113	297705
2014.11.10	1098	1119	1076	1095	237966
2014.11.11	1119	1135	1087	1135	291288
2014.11.12	1162	1168	1162	1168	209171
2014.11.15	1168	1168	1123	1140	80560
2014.11.16	1106	1177	1106	1125	327421
2014.11.26	1237	1237	1188	1196	966229
2014.11.29	1213	1229	1163	1209	450313
2014.11.30	1184	1204	1157	1184	356993
2014.12.01	1184	1205	1166	1184	125326
2014.12.02	1205	1232	1205	1232	453815
2014.12.03	1255	1276	1204	1276	409529
2014.12.06	1326	1326	1291	1326	151883
2014.12.07	1367	1367	1367	1367	119176
2014.12.08	1400	1400	1400	1400	194400
2014.12.09	1456	1456	1441	1456	276476
2014.12.10	1514	1514	1514	1514	194487
2014.12.14	1575	1575	1575	1575	147481
2014.12.15	1623	1623	1623	1623	384540
2014.12.16	1687	1687	1557	1687	2154432
2014.12.17	1711	1716	1650	1716	617599
2014.12.20	1747	1747	1687	1747	422222
2014.12.22	1815	1815	1797	1815	585637
2014.12.24	1888	1888	1743	1764	623344
2014.12.27	1745	1745	1742	1742	38924
2014.12.28	1729	1729	1729	1729	1061
2014.12.29	1728	1728	1728	1728	380
2014.12.30	1728	1728	1728	1728	1000
2014.12.31	1728	1732	1728	1728	359613
2015.01.03	1660	1785	1660	1773	947208
2015.01.04	1786	1786	1743	1786	418610
2015.01.05	1844	1851	1789	1849	419535
2015.01.06	1864	1873	1745	1870	600635
2015.01.07	1721	1815	1721	1815	56240
2015.01.10	1830	1840	1748	1803	63679
2015.01.11	1764	1823	1754	1823	107590
2015.01.12	1825	1865	1825	1865	246260
2015.01.13	1873	1935	1873	1935	345289
2015.01.14	2001	2002	1874	2002	251338
2015.01.17	2077	2083	2042	2083	275986
2015.01.18	2152	2152	1998	1998	91102
2015.01.19	1978	2065	1978	1978	416050
2015.01.20	2055	2058	2042	2051	113633
2015.01.21	2014	2095	1934	2087	330344
2015.01.24	2095	2095	1937	1937	189155
2015.01.25	1968	1991	1890	1890	120371
2015.01.26	1858	1864	1858	1858	43535
2015.01.27	1842	1842	1842	1842	17857
2015.01.28	1835	1847	1835	1835	502898
2015.01.31	1842	1909	1842	1909	115020
2015.02.01	1909	1949	1909	1949	86124
2015.02.02	1982	1982	1959	1982	296107
2015.02.03	2040	2061	2040	2061	221227
2015.02.04	2143	2143	2061	2143	265847
2015.02.07	2214	2218	2049	2152	589834
2015.02.08	2109	2160	2099	2160	263567
2015.02.09	2123	2195	2123	2195	82075
2015.02.10	2153	2227	2109	2227	64459
2015.02.14	2238	2248	2163	2248	202809
2015.02.15	2174	2260	2174	2216	68419
2015.02.16	2216	2216	2153	2195	44971
2015.02.17	2131	2174	2131	2174	3902
2015.02.18	2153	2153	2127	2153	232142
2015.02.28	2153	2153	2153	2153	44375
2015.03.01	2216	2221	2153	2159	523423
2015.03.02	2214	2214	2126	2126	43056
2015.03.03	2092	2092	2092	2092	28273
2015.03.04	2092	2131	2068	2131	44706
2015.03.07	2129	2151	2039	2039	119012
2015.03.08	2029	2197	2029	2065	552484
2015.03.09	2058	2058	2058	2058	539
2015.03.10	2057	2057	2057	2057	3038
2015.03.11	2055	2055	2055	2055	543
2015.03.14	2055	2055	2055	2055	6165
2015.03.15	2049	2049	2049	2049	63511
2015.03.16	1996	1996	1996	1996	2108
2015.03.18	1994	1994	1994	1994	21909
2015.03.25	1976	2136	1976	2079	200539
2015.03.28	2085	2098	1973	2098	147883
2015.03.29	2105	2124	2045	2045	656040
2015.03.30	2032	2032	2031	2031	12150
2015.03.31	2022	2086	2022	2022	2950
2015.04.04	2143	2188	2143	2188	500113
2015.04.05	2260	2260	2097	2097	267971
2015.04.06	2084	2084	2084	2084	27254
2015.04.07	2061	2061	2061	2061	2928
2015.04.11	2057	2216	2057	2065	765775
2015.04.12	2077	2077	2077	2077	1423
2015.04.13	2075	2075	2075	2075	5859
2015.04.14	2070	2070	2070	2070	650
2015.04.15	2070	2070	2070	2070	1000
2015.04.18	2068	2068	2068	2068	9234
2015.04.22	2061	2061	2061	2061	235
2015.04.25	2061	2061	2061	2061	21700
2015.04.26	2042	2042	2042	2042	300
2015.04.27	2042	2042	2042	2042	160
2015.04.28	2042	2042	2042	2042	1258
2015.04.29	2041	2041	2041	2041	2918
2015.05.03	2039	2039	2039	2039	1000
2015.05.04	2038	2038	2038	2038	400
2015.05.05	2038	2038	2038	2038	300
2015.05.06	2037	2037	2037	2037	210
2015.05.10	1952	2029	1875	1875	851537
2015.05.11	1867	2001	1867	1867	305159
2015.05.12	1895	2022	1895	2022	860345
2015.05.13	1871	1959	1871	1871	730859
2015.05.17	1842	1842	1842	1842	2000
2015.05.19	1842	1842	1842	1842	2500
2015.05.23	1820	1820	1820	1820	50700
2015.05.24	1772	1937	1772	1772	1560445
2015.05.25	1770	1825	1770	1770	59998
2015.05.26	1716	1716	1716	1716	179500
2015.05.27	1631	1631	1631	1631	15005
2015.06.01	1619	1786	1619	1762	1233409
2015.06.02	1811	1815	1764	1815	353800
2015.06.06	1897	1897	1717	1897	268107
2015.06.07	1982	1984	1978	1984	1079817
2015.06.13	2073	2174	2073	2174	54254
2015.06.14	2210	2211	2004	2096	193919
2015.06.16	1970	1970	1970	1970	1451
2015.06.17	1968	2104	1968	1968	222658
2015.06.20	1916	1916	1903	1903	3876
2015.06.21	1900	2040	1900	1900	71894
2015.06.22	1888	1896	1888	1889	72932
2015.06.23	1818	2001	1818	1937	87981
2015.06.24	1956	1956	1832	1851	180836
2015.06.27	1937	2019	1920	1939	306656
2015.06.29	2081	2081	1888	1888	884175
2015.06.30	1890	1890	1890	1890	98325
2015.07.01	1796	1902	1796	1796	170029
2015.07.04	1709	1797	1709	1756	1638051
2015.07.05	1756	1778	1734	1741	75548
2015.07.06	1808	1808	1700	1754	32767
2015.07.07	1738	1786	1738	1738	92446
2015.07.11	1668	1743	1668	1686	30494
2015.07.12	1682	1682	1670	1672	23216
2015.07.13	1666	1786	1666	1750	188623
2015.07.14	1722	1764	1721	1726	15510
2015.07.15	1691	1748	1672	1748	19302
2015.07.20	1789	1789	1656	1658	32398
2015.07.21	1638	1776	1638	1761	1552554
2015.07.22	1786	1796	1734	1734	11401
2015.07.25	1700	1776	1674	1763	227403
2015.07.26	1684	1721	1682	1682	23609
2015.07.27	1663	1750	1663	1747	349446
2015.07.28	1762	1772	1701	1772	1332875
2015.07.29	1827	1844	1818	1844	246200
2015.08.01	1888	1907	1748	1748	202780
2015.08.02	1747	1784	1747	1747	213044
2015.08.03	1679	1692	1679	1689	20991
2015.08.04	1679	1754	1652	1733	9117
2015.08.05	1668	1733	1668	1692	15320
2015.08.08	1679	1733	1679	1721	22450
2015.08.10	1689	1721	1689	1721	3752
2015.08.12	1703	1743	1687	1743	54811
2015.08.15	1689	1689	1689	1689	3000
2015.08.16	1742	1742	1721	1721	22398
2015.08.17	1657	1657	1657	1657	1000
2015.08.19	1657	1721	1657	1721	111503
2015.08.22	1721	1721	1721	1721	4797
2015.08.23	1636	1636	1636	1636	13000
2015.08.25	1619	1619	1610	1610	23904
2015.08.26	1593	1614	1592	1592	29897
2015.08.29	1568	1697	1568	1697	9650
2015.08.30	1721	1721	1721	1721	150
2015.08.31	1721	1721	1563	1563	66495
2015.09.01	1674	1674	1531	1531	1800
2015.09.02	1521	1521	1515	1515	30489
2015.09.05	1491	1560	1491	1560	3883
2015.09.06	1641	1641	1572	1592	5150
2015.09.07	1640	1641	1541	1640	419401
2015.09.08	1538	1541	1538	1538	19300
2015.09.09	1525	1528	1523	1524	11830
2015.09.12	1554	1554	1514	1514	4617
2015.09.13	1510	1510	1510	1510	1175
2015.09.14	1509	1510	1509	1509	879
2015.09.15	1509	1509	1509	1509	4628
2015.09.16	1505	1505	1505	1505	60308
2015.09.19	1459	1459	1459	1459	1460
2015.09.20	1458	1458	1458	1458	9805
2015.09.21	1492	1492	1451	1451	5675
2015.09.22	1592	1592	1507	1531	119886
2015.09.23	1511	1511	1511	1511	283
2015.09.26	1511	1511	1511	1511	150
2015.09.27	1510	1536	1510	1510	122547
2015.09.28	1571	1571	1531	1556	101470
2015.09.29	1496	1496	1496	1496	500
2015.09.30	1491	1570	1491	1570	208084
2015.10.03	1468	1468	1463	1463	11562
2015.10.04	1456	1456	1456	1456	19907
2015.10.05	1441	1557	1440	1440	70781
2015.10.06	1415	1416	1415	1415	35514
2015.10.07	1400	1400	1400	1400	9000
2015.10.10	1394	1394	1394	1394	15873
2015.10.11	1448	1448	1383	1383	16635
2015.10.12	1416	1416	1371	1371	33400
2015.10.13	1348	1348	1348	1348	49390
2015.10.14	1344	1356	1314	1334	102312
2015.10.17	1374	1374	1292	1356	55646
2015.10.18	1374	1374	1317	1346	21178
2015.10.19	1342	1342	1313	1313	1500
2015.10.20	1291	1293	1291	1291	1500
2015.10.21	1344	1344	1276	1276	154475
2015.10.25	1334	1334	1222	1227	26397
2015.10.26	1324	1324	1281	1281	102305
2015.10.28	1257	1257	1257	1257	60193
2015.10.31	1320	1320	1218	1319	30003
2015.11.01	1321	1322	1237	1320	103781
2015.11.02	1291	1291	1259	1260	52353
2015.11.03	1260	1260	1260	1260	500
2015.11.04	1234	1235	1234	1234	3255
2015.11.07	1232	1291	1232	1291	7267141
2015.11.08	1232	1291	1232	1248	19114
2015.11.09	1242	1242	1233	1233	5239
2015.11.10	1269	1270	1269	1270	3989
2015.11.11	1227	1227	1227	1227	1000
2015.11.14	1269	1269	1218	1267	11745
2015.11.16	1266	1266	1266	1266	7701
2015.11.17	1224	1287	1210	1210	30013
2015.11.18	1201	1203	1194	1194	32935
2015.11.21	1174	1195	1174	1195	4519
2015.11.22	1227	1227	1184	1184	3445
2015.11.23	1170	1215	1170	1170	101194
2015.11.24	1232	1232	1227	1232	554630
2015.11.25	1294	1294	1294	1294	492748
2015.11.28	1334	1359	1296	1359	517307
2015.11.29	1356	1419	1336	1342	165271
2015.11.30	1419	1419	1316	1377	184439
2015.12.01	1315	1315	1315	1315	99724
2015.12.05	1249	1277	1249	1249	829821
2015.12.06	1249	1279	1188	1188	807745
2015.12.07	1184	1213	1139	1152	1133584
2015.12.08	1160	1173	1119	1163	72906
2015.12.09	1181	1198	1096	1121	1374011
2015.12.13	1123	1151	1116	1130	170654
2015.12.14	1113	1118	1082	1087	125287
2015.12.15	1119	1119	1076	1095	108351
2015.12.16	1119	1119	1076	1080	133712
2015.12.19	1087	1118	1039	1094	87230
2015.12.20	1095	1099	1046	1048	96971
2015.12.21	1092	1094	1055	1086	125370
2015.12.22	1055	1083	1034	1047	55134
2015.12.23	1037	1078	1036	1037	28807
2015.12.26	1058	1116	1058	1116	262966
2015.12.27	1159	1159	1142	1159	500371
2015.12.28	1163	1172	1119	1140	298384
2015.12.30	1160	1160	1108	1128	124782
2016.01.02	1162	1162	1098	1135	151981
2016.01.03	1135	1139	1098	1118	104126
2016.01.04	1100	1172	1100	1172	513068
2016.01.05	1225	1225	1225	1225	98043
2016.01.06	1286	1286	1286	1286	101210
2016.01.09	1350	1350	1350	1350	164649
2016.01.10	1417	1417	1283	1339	3733840
2016.01.11	1441	1463	1334	1400	2080686
2016.01.12	1401	1485	1401	1419	1271171
2016.01.13	1474	1474	1388	1388	425882
2016.01.16	1367	1388	1366	1366	172150
2016.01.17	1310	1366	1302	1302	352520
2016.01.18	1242	1355	1240	1240	1395732
2016.01.19	1240	1308	1196	1227	2601791
2016.01.20	1255	1307	1218	1307	3122890
2016.01.23	1344	1344	1308	1308	1212332
2016.01.24	1317	1317	1257	1257	1001353
2016.01.25	1257	1313	1240	1242	1771267
2016.01.26	1279	1326	1279	1326	3392132
2016.01.27	1381	1381	1273	1332	1697360
2016.01.30	1361	1412	1326	1326	907566
2016.01.31	1325	1364	1313	1314	233119
2016.02.01	1302	1393	1302	1372	463700
2016.02.02	1398	1398	1334	1356	878787
2016.02.03	1386	1417	1337	1398	1770199
2016.02.06	1398	1449	1398	1449	1328713
2016.02.07	1514	1514	1478	1514	1526201
2016.02.08	1580	1586	1446	1582	2003539
2016.02.09	1531	1630	1475	1623	3310370
2016.02.10	1481	1543	1481	1481	1689046
2016.02.13	1448	1448	1416	1434	1470982
2016.02.14	1419	1487	1419	1419	1948709
2016.02.15	1543	1548	1498	1498	1034432
2016.02.16	1528	1528	1446	1446	787515
2016.02.17	1412	1419	1379	1403	776657
2016.02.22	1507	1507	1432	1432	923760
2016.02.23	1479	1479	1372	1388	761407
2016.02.24	1372	1446	1344	1410	1082572
2016.02.27	1439	1467	1401	1419	999973
2016.02.28	1429	1438	1372	1372	712481
2016.02.29	1336	1386	1325	1334	706036
2016.03.01	1332	1356	1291	1291	1183000
2016.03.02	1293	1345	1259	1312	718978
2016.03.05	1324	1360	1324	1334	651941
2016.03.06	1346	1346	1273	1273	1358156
2016.03.07	1298	1298	1222	1222	1904720
2016.03.08	1245	1298	1227	1269	1053849
2016.03.09	1269	1321	1251	1293	886754
2016.03.12	1291	1296	1248	1254	1253967
2016.03.14	1291	1291	1206	1206	2496311
2016.03.15	1209	1259	1184	1184	2735556
2016.03.16	1220	1262	1218	1262	2701295
2016.03.26	1320	1322	1293	1322	792826
2016.03.27	1367	1367	1296	1334	2119708
2016.03.28	1334	1344	1291	1296	817203
2016.03.29	1293	1334	1261	1312	1050819
2016.03.30	1294	1363	1294	1324	681578
2016.04.02	1332	1339	1300	1322	638717
2016.04.03	1334	1380	1317	1380	3323760
2016.04.04	1394	1407	1334	1339	960146
2016.04.05	1366	1410	1347	1402	1579899
2016.04.06	1412	1432	1378	1402	1074498
2016.04.09	1398	1432	1363	1363	1078065
2016.04.10	1369	1371	1323	1328	1059603
2016.04.11	1339	1371	1325	1355	12937235
2016.04.12	1376	1407	1356	1369	3313695
2016.04.13	1388	1388	1327	1333	796873
2016.04.16	1333	1333	1277	1277	1017891
2016.04.17	1227	1269	1215	1263	1300010
2016.04.18	1263	1305	1259	1305	870666
2016.04.19	1330	1333	1272	1332	617494
2016.04.20	1279	1313	1279	1281	407569
2016.04.23	1269	1291	1257	1257	283839
2016.04.24	1269	1286	1257	1267	484054
2016.04.25	1310	1310	1269	1274	759776
2016.04.26	1310	1326	1291	1302	549720
2016.04.27	1302	1310	1281	1293	451666
2016.04.30	1310	1310	1279	1281	507354
2016.05.01	1280	1283	1253	1259	618365
2016.05.02	1253	1281	1227	1269	695162
2016.05.03	1257	1311	1257	1311	642431
2016.05.04	1336	1354	1317	1327	1653939
2016.05.07	1351	1351	1293	1296	797720
2016.05.08	1321	1321	1281	1291	640604
2016.05.09	1308	1354	1291	1308	709806
2016.05.10	1345	1345	1292	1302	1477269
2016.05.11	1296	1317	1281	1304	413550
2016.05.14	1291	1310	1274	1291	549725
2016.05.15	1281	1296	1281	1282	618661
2016.05.16	1274	1351	1274	1351	3740814
2016.05.17	1388	1388	1317	1336	772920
2016.05.18	1346	1424	1346	1398	2748448
2016.05.21	1401	1451	1356	1398	1869408
2016.05.23	1417	1475	1399	1456	3435664
2016.05.24	1468	1485	1438	1457	1408286
2016.05.25	1459	1467	1422	1439	1544335
2016.05.28	1441	1453	1410	1422	1177587
2016.05.29	1451	1504	1426	1439	1337860
2016.05.30	1439	1439	1410	1411	722783
2016.05.31	1398	1419	1351	1371	583117
2016.06.01	1372	1388	1351	1374	368613
2016.06.05	1374	1395	1351	1353	568259
2016.06.06	1353	1353	1327	1339	466577
2016.06.07	1334	1334	1291	1319	1612373
2016.06.14	1267	1267	1204	1225	1602439
2016.06.15	1235	1290	1211	1267	928048
2016.06.18	1290	1310	1235	1245	630953
2016.06.19	1233	1263	1223	1225	261680
2016.06.20	1210	1232	1194	1222	524246
2016.06.21	1222	1267	1222	1261	645399
2016.06.22	1305	1321	1269	1321	580549
2016.06.25	1381	1383	1267	1311	589340
2016.06.26	1313	1330	1290	1305	323978
2016.06.28	1302	1346	1238	1290	2231867
2016.06.29	1267	1267	1200	1200	4135044
2016.07.02	1200	1242	1186	1186	2170569
2016.07.03	1222	1222	1186	1204	576763
2016.07.04	1201	1240	1196	1240	926745
2016.07.05	1233	1249	1222	1248	670531
2016.07.09	1222	1240	1222	1224	418453
2016.07.10	1223	1232	1216	1222	813165
2016.07.11	1202	1233	1201	1233	744625
2016.07.12	1223	1255	1215	1254	1138621
2016.07.13	1254	1260	1235	1247	576563
2016.07.16	1258	1258	1215	1215	508660
2016.07.17	1215	1249	1215	1232	313044
2016.07.18	1245	1290	1224	1290	1485599
2016.07.19	1275	1333	1275	1322	1013987
2016.07.20	1320	1330	1255	1285	772681
2016.07.23	1258	1302	1235	1245	1386205
2016.07.24	1226	1252	1200	1245	3059428
2016.07.25	1244	1245	1201	1232	3331011
2016.07.26	1242	1247	1223	1235	371899
2016.07.27	1253	1253	1218	1223	869093
2016.07.31	1222	1253	1220	1222	1575789
2016.08.01	1245	1249	1222	1226	1024730
2016.08.02	1226	1248	1225	1233	425874
2016.08.03	1232	1245	1226	1237	313272
2016.08.06	1245	1252	1227	1245	975813
2016.08.07	1233	1294	1231	1277	1755778
2016.08.08	1276	1294	1258	1259	1067067
2016.08.09	1293	1334	1290	1315	1118183
2016.08.10	1313	1315	1272	1290	780271
2016.08.13	1290	1306	1266	1276	416414
2016.08.14	1269	1298	1268	1279	462312
2016.08.15	1282	1284	1261	1265	305394
2016.08.16	1267	1269	1256	1263	279108
2016.08.17	1326	1326	1326	1326	136448
2016.08.20	1393	1393	1393	1393	220186
2016.08.21	1402	1402	1372	1385	4083172
2016.08.22	1380	1437	1347	1405	2847143
2016.08.23	1431	1435	1371	1373	1267397
2016.08.24	1358	1380	1346	1357	5128580
2016.08.27	1358	1381	1325	1334	703087
2016.08.28	1358	1358	1285	1285	2690735
2016.08.29	1308	1335	1281	1281	905806
2016.08.30	1282	1333	1281	1283	501165
2016.08.31	1283	1310	1283	1297	426745
2016.09.03	1322	1322	1232	1267	1860172
2016.09.04	1255	1296	1255	1267	543244
2016.09.05	1249	1290	1249	1263	172051
2016.09.06	1290	1308	1269	1300	2549342
2016.09.07	1294	1310	1290	1310	397992
2016.09.10	1284	1331	1284	1313	398425
2016.09.11	1358	1367	1313	1326	1171486
2016.09.13	1344	1344	1306	1306	1043885
2016.09.14	1330	1330	1257	1279	917867
2016.09.17	1267	1310	1263	1290	2055842
2016.09.18	1302	1310	1269	1284	401642
2016.09.19	1274	1310	1274	1306	357116
2016.09.21	1293	1322	1293	1306	176612
2016.09.24	1310	1345	1308	1314	790033
2016.09.25	1339	1344	1306	1306	1046882
2016.09.26	1306	1312	1294	1294	361822
2016.09.27	1298	1322	1298	1299	258641
2016.09.28	1293	1371	1293	1370	2190320
2016.10.01	1367	1402	1325	1351	764056
2016.10.02	1353	1353	1313	1313	1056669
2016.10.03	1313	1322	1303	1310	942279
2016.10.04	1308	1325	1302	1312	863016
2016.10.05	1310	1331	1310	1320	7194025
2016.10.08	1352	1352	1326	1332	480618
2016.10.09	1325	1345	1325	1339	158653
2016.10.10	1342	1354	1320	1322	729380
2016.10.15	1323	1391	1323	1358	1983049
2016.10.16	1360	1402	1360	1396	1069117
2016.10.17	1448	1460	1426	1435	3088003
2016.10.18	1432	1441	1387	1407	1127097
2016.10.19	1434	1434	1392	1398	394473
2016.10.22	1418	1423	1393	1400	892845
2016.10.23	1400	1400	1347	1358	1939895
2016.10.24	1358	1393	1348	1378	1823489
2016.10.25	1398	1446	1358	1435	3812942
2016.11.13	1471	1471	1419	1434	1074560
2016.11.14	1462	1462	1396	1411	1030536
2016.11.15	1396	1415	1370	1376	4523435
2016.11.16	1401	1407	1373	1378	562321
2016.11.19	1383	1396	1351	1393	1774677
2016.11.21	1388	1430	1385	1388	1736158
2016.11.22	1409	1430	1344	1383	2875206
2016.11.23	1381	1381	1351	1351	947725
2016.11.26	1365	1395	1347	1357	750352
2016.11.27	1327	1372	1325	1332	748788
2016.11.29	1318	1342	1285	1304	2766935
2016.12.03	1304	1304	1244	1285	1992154
2016.12.04	1327	1327	1281	1281	1872086
2016.12.05	1304	1359	1304	1327	857363
2016.12.06	1314	1328	1291	1303	1119307
2016.12.07	1327	1330	1285	1286	764918
2016.12.10	1304	1304	1257	1257	1236464
2016.12.11	1285	1327	1262	1279	903850
2016.12.12	1285	1303	1247	1253	1168194
2016.12.13	1249	1262	1233	1237	690285
2016.12.14	1243	1267	1210	1210	2433670
2016.12.18	1255	1255	1196	1202	1442046
2016.12.19	1202	1210	1148	1184	4263628
2016.12.20	1196	1225	1164	1225	6865460
2016.12.21	1230	1253	1192	1220	1199209
2016.12.24	1222	1247	1221	1225	842605
2016.12.25	1210	1215	1192	1192	1521838
2016.12.26	1192	1215	1162	1188	3412701
2016.12.27	1196	1230	1169	1190	4154512
2016.12.28	1218	1218	1181	1193	861412
2016.12.31	1179	1215	1179	1182	5537999
2017.01.01	1188	1206	1168	1170	1570623
2017.01.02	1180	1196	1180	1192	824600
2017.01.03	1205	1205	1181	1193	786218
2017.01.04	1183	1202	1183	1202	1414141
2017.01.07	1189	1206	1148	1164	1672074
2017.01.08	1168	1206	1147	1174	2318243
2017.01.09	1164	1207	1164	1194	2310796
2017.01.11	1206	1215	1191	1213	2720603
2017.01.14	1232	1268	1232	1245	3927424
2017.01.15	1257	1257	1210	1240	1934096
2017.01.16	1247	1271	1240	1253	4033579
2017.01.17	1271	1271	1226	1233	1467538
2017.01.18	1267	1276	1249	1265	1757061
2017.01.21	1271	1271	1206	1210	1732248
2017.01.22	1210	1236	1206	1233	1191802
2017.01.23	1247	1247	1214	1224	685331
2017.01.24	1246	1246	1190	1190	1383214
2017.01.25	1218	1218	1192	1213	1143767
2017.01.28	1192	1227	1192	1216	1183775
2017.01.29	1215	1243	1215	1230	1085304
2017.01.30	1248	1274	1244	1262	2028805
2017.01.31	1240	1272	1234	1240	1083044
2017.02.01	1220	1271	1220	1257	2051536
2017.02.04	1235	1262	1235	1253	1401467
2017.02.05	1236	1257	1225	1239	1461557
2017.02.06	1225	1257	1225	1255	1624795
2017.02.07	1255	1268	1239	1252	1118112
2017.02.08	1270	1270	1240	1242	1408556
2017.02.11	1247	1271	1247	1257	1556757
2017.02.12	1248	1266	1247	1257	1322778
2017.02.13	1257	1319	1257	1319	1936528
2017.02.14	1358	1358	1358	1358	2881742
2017.02.15	1383	1393	1328	1347	11663673
2017.02.18	1349	1360	1323	1355	3917836
2017.02.19	1359	1418	1354	1418	11729465
2017.02.20	1439	1475	1407	1419	7930458
2017.02.21	1422	1444	1384	1402	5822588
2017.02.22	1422	1483	1407	1483	9612058
2017.02.25	1519	1546	1502	1546	10619316
2017.02.26	1564	1603	1495	1513	7839111
2017.02.27	1509	1582	1490	1542	6616913
2017.02.28	1560	1606	1527	1541	7113823
2017.03.01	1537	1572	1490	1555	7494589
2017.03.04	1496	1536	1444	1457	2968616
2017.03.05	1446	1481	1439	1453	2893171
2017.03.06	1470	1509	1448	1467	1948875
2017.03.07	1463	1549	1458	1549	3161166
2017.03.08	1574	1582	1495	1504	4556982
2017.03.11	1509	1509	1468	1468	985308
2017.03.12	1462	1509	1424	1471	2727732
2017.03.13	1471	1543	1471	1536	4189208
2017.03.14	1541	1578	1514	1527	1494329
2017.03.15	1560	1587	1495	1574	3098177
2017.03.18	1582	1645	1546	1645	3701090
2017.03.25	1686	1709	1686	1709	2213595
2017.03.26	1747	1762	1640	1709	5257328
2017.03.27	1716	1716	1619	1639	3834062
2017.03.28	1630	1723	1630	1723	4871668
2017.03.29	1764	1772	1704	1709	4653489
2017.04.03	1741	1741	1672	1721	3535311
2017.04.04	1735	1783	1706	1769	5135358
2017.04.05	1750	1777	1728	1747	2397977
2017.04.08	1759	1815	1725	1760	2590833
2017.04.09	1810	1811	1733	1735	2795038
2017.04.10	1733	1811	1723	1742	4337553
2017.04.12	1774	1844	1752	1810	5286413
2017.04.15	1782	1900	1782	1840	8390572
2017.04.16	1862	1932	1835	1842	4091364
2017.04.17	1863	1870	1792	1830	2287834
2017.04.18	1792	1867	1786	1828	2407908
2017.04.19	1774	1862	1774	1813	2534477
2017.04.22	1830	1904	1808	1881	5249573
2017.04.23	1891	1925	1862	1862	2685120
2017.04.24	1886	1994	1864	1978	5010011
2017.04.26	1982	2072	1982	2049	3376970
2017.04.29	2048	2049	1923	1951	5595607
2017.04.30	1925	1942	1877	1900	3120396
2017.05.01	1900	1910	1826	1849	2270173
2017.05.02	1862	1907	1817	1817	2119139
2017.05.03	1832	1874	1809	1853	1579630
2017.05.06	1845	1862	1756	1774	2176263
2017.05.07	1770	1839	1733	1759	3053568
2017.05.08	1759	1761	1709	1733	3163607
2017.05.09	1711	1713	1645	1645	4762096
2017.05.10	1667	1739	1662	1706	2569552
2017.05.13	1747	1785	1672	1695	781995
2017.05.14	1699	1699	1643	1643	1064360
2017.05.15	1676	1704	1617	1653	1054766
2017.05.16	1647	1711	1647	1686	627952
2017.05.17	1682	1723	1667	1722	891338
2017.05.20	1737	1779	1733	1760	942572
2017.05.21	1770	1770	1700	1717	761582
2017.05.22	1723	1788	1713	1758	1094741
2017.05.23	1763	1763	1728	1731	335895
2017.05.24	1728	1747	1703	1713	778465
2017.05.27	1684	1742	1648	1670	1318555
2017.05.28	1643	1662	1643	1644	590837
2017.05.29	1676	1699	1630	1632	1066983
2017.05.30	1653	1684	1625	1630	911418
2017.05.31	1630	1670	1623	1638	789477
2017.06.03	1656	1684	1630	1682	805302
2017.06.06	1690	1713	1648	1658	569628
2017.06.07	1640	1681	1596	1621	1078264
2017.06.10	1607	1671	1606	1633	584932
2017.06.11	1607	1630	1565	1607	1380364
2017.06.12	1630	1634	1585	1630	693802
2017.06.13	1632	1667	1582	1585	864280
2017.06.14	1581	1629	1580	1608	394415
2017.06.17	1585	1639	1580	1580	707756
2017.06.18	1610	1610	1506	1522	962370
2017.06.19	1522	1522	1460	1477	2077029
2017.06.20	1434	1513	1407	1457	2242227
2017.06.21	1468	1508	1461	1502	614970
2017.06.24	1512	1541	1478	1519	577249
2017.06.25	1495	1532	1495	1519	633980
2017.06.28	1542	1542	1483	1493	671533
2017.07.01	1536	1565	1485	1565	1000050
2017.07.02	1602	1602	1528	1561	1788852
2017.07.03	1582	1582	1531	1536	909374
2017.07.04	1563	1576	1536	1537	2039706
2017.07.05	1513	1551	1495	1536	987921
2017.07.08	1477	1490	1450	1488	1904465
2017.07.15	1565	1565	1541	1541	10500
2017.07.16	1517	1540	1498	1531	2145094
2017.07.17	1518	1540	1486	1494	1050649
2017.07.18	1486	1531	1466	1504	1242662
2017.07.19	1491	1580	1491	1578	2282938
2017.07.22	1591	1591	1517	1538	2579368
2017.07.26	1591	1591	1517	1519	474271
2017.07.29	1517	1551	1486	1507	866071
2017.07.30	1498	1516	1488	1497	1261649
2017.07.31	1492	1501	1485	1500	775290
2017.08.01	1491	1529	1491	1501	615649
2017.08.02	1514	1538	1504	1533	607503
2017.08.06	1546	1577	1529	1536	579682
2017.08.07	1565	1565	1507	1507	654880
2017.08.08	1497	1519	1481	1481	965593
2017.08.09	1483	1504	1483	1486	916781
2017.08.12	1491	1514	1466	1466	816928
2017.08.13	1491	1491	1422	1427	993187
2017.08.14	1430	1479	1417	1417	678374
2017.08.15	1417	1446	1393	1427	863204
2017.08.16	1422	1470	1393	1417	873620
2017.08.19	1424	1451	1393	1446	1143407
2017.08.20	1441	1481	1441	1447	1003436
2017.08.21	1452	1466	1442	1442	605134
2017.08.22	1463	1522	1443	1501	1514649
2017.08.23	1514	1551	1492	1504	1899070
2017.08.26	1497	1531	1477	1481	830884
2017.08.27	1461	1481	1437	1446	1186963
2017.08.28	1439	1479	1439	1450	213881
2017.08.29	1450	1489	1446	1460	524768
2017.08.30	1481	1481	1443	1454	613038
2017.09.02	1446	1465	1446	1454	612977
2017.09.03	1446	1466	1441	1441	487904
2017.09.04	1452	1456	1424	1446	488501
2017.09.05	1424	1456	1417	1432	553575
2017.09.06	1412	1424	1412	1417	335636
2017.09.10	1417	1436	1393	1402	685062
2017.09.11	1393	1420	1393	1396	317316
2017.09.12	1393	1393	1382	1385	665256
2017.09.13	1385	1385	1349	1359	1104016
2017.09.16	1385	1417	1357	1393	519202
2017.09.17	1393	1456	1393	1407	607803
2017.09.18	1441	1452	1422	1441	182400
2017.09.19	1441	1472	1403	1433	628553
2017.09.20	1441	1441	1398	1413	497683
2017.09.23	1417	1485	1401	1466	1448909
2017.09.24	1420	1484	1414	1425	1298295
2017.09.25	1446	1446	1407	1414	678929
2017.09.26	1406	1446	1406	1411	421128
2017.09.27	1406	1436	1368	1412	1263863
2017.10.02	1407	1407	1357	1374	1009689
2017.10.03	1360	1372	1353	1361	608405
2017.10.04	1354	1393	1351	1387	2411482
2017.10.07	1374	1393	1350	1358	710063
2017.10.08	1348	1372	1304	1310	2380659
2017.10.09	1334	1334	1279	1293	633809
2017.10.10	1315	1315	1267	1279	1738832
2017.10.11	1269	1283	1254	1261	1006359
2017.10.14	1292	1312	1288	1292	867609
2017.10.15	1296	1302	1269	1293	3896055
2017.10.28	1330	1330	1264	1270	1765561
2017.10.29	1240	1337	1231	1337	4500766
2017.10.30	1350	1350	1350	1350	303739
2017.10.31	1396	1396	1350	1364	3971079
2017.11.01	1368	1368	1325	1330	1232211
2017.11.04	1344	1346	1318	1321	947590
2017.11.05	1327	1340	1294	1310	1222479
2017.11.06	1336	1336	1291	1291	385776
2017.11.07	1278	1317	1266	1280	554488
2017.11.08	1267	1297	1265	1283	825726
2017.11.11	1281	1284	1264	1264	725567
2017.11.12	1264	1283	1264	1271	1080709
2017.11.13	1264	1325	1255	1305	2204776
2017.11.14	1324	1324	1274	1277	1251633
2017.11.15	1298	1298	1260	1261	907902
2017.11.18	1261	1273	1237	1245	1137441
2017.11.20	1232	1264	1231	1251	1090751
2017.11.21	1246	1264	1218	1264	4388657
2017.11.22	1234	1251	1215	1228	1898134
2017.11.25	1228	1245	1221	1225	3293541
2017.11.26	1225	1250	1225	1244	399954
2017.11.28	1251	1251	1230	1230	632330
2017.11.29	1247	1247	1225	1247	587262
2017.12.02	1225	1252	1224	1225	731216
2017.12.03	1231	1245	1225	1239	2223566
2017.12.04	1244	1298	1237	1267	5272434
2017.12.05	1317	1351	1299	1351	5805230
2017.12.09	1412	1412	1412	1412	965754
2017.12.10	1483	1483	1371	1410	11128104
2017.12.11	1400	1424	1373	1384	3167070
2017.12.12	1397	1461	1397	1461	1469716
2017.12.13	1484	1527	1484	1527	9669194
2017.12.16	1570	1570	1463	1527	3859279
2017.12.17	1532	1582	1498	1580	7265575
2017.12.18	1570	1631	1531	1544	2061758
2017.12.19	1603	1628	1531	1536	3235474
2017.12.20	1537	1557	1501	1520	2767684
2017.12.23	1524	1527	1444	1457	2265545
2017.12.24	1463	1500	1451	1484	1596134
2017.12.25	1497	1529	1451	1460	2187105
2017.12.26	1483	1551	1457	1551	4621621
2017.12.27	1568	1616	1534	1616	6184385
2017.12.30	1636	1658	1538	1640	2628434
2017.12.31	1610	1610	1536	1537	3794372
2018.01.01	1563	1610	1538	1563	1505708
2018.01.02	1570	1588	1485	1523	1349320
2018.01.03	1490	1531	1486	1497	659435
2018.01.06	1505	1540	1492	1523	373669
2018.01.07	1524	1584	1504	1575	1187439
2018.01.08	1586	1630	1563	1623	1578714
2018.01.09	1640	1640	1537	1563	743569
2018.01.10	1546	1556	1524	1556	3022400
2018.01.13	1582	1592	1512	1531	1026792
2018.01.14	1505	1582	1505	1577	839132
2018.01.15	1567	1567	1530	1532	1545506
2018.01.16	1513	1533	1513	1526	1517547
2018.01.17	1524	1555	1505	1510	1186335
2018.01.20	1511	1533	1499	1500	1030820
2018.01.21	1497	1498	1431	1441	1624217
2018.01.22	1411	1451	1377	1377	5684858
2018.01.23	1378	1402	1334	1370	4959808
2018.01.24	1371	1395	1359	1391	1993858
2018.01.27	1390	1410	1381	1381	692981
2018.01.28	1361	1381	1334	1348	1501512
2018.01.29	1349	1349	1309	1317	2741918
2018.01.30	1330	1356	1317	1320	1352007
2018.01.31	1330	1357	1308	1320	890538
2018.02.03	1302	1377	1302	1376	1385148
2018.02.04	1376	1395	1345	1357	1806183
2018.02.05	1350	1363	1325	1351	857670
2018.02.06	1371	1371	1344	1349	495642
2018.02.07	1364	1378	1325	1330	3028990
2018.02.10	1319	1330	1311	1325	903459
2018.02.12	1308	1330	1301	1304	2467244
2018.02.13	1310	1330	1292	1325	2545127
2018.02.14	1330	1372	1298	1372	16246701
2018.02.17	1405	1405	1371	1376	6690435
2018.02.18	1394	1394	1359	1375	1087869
2018.02.19	1364	1383	1351	1351	1057100
2018.02.21	1348	1351	1320	1330	3351912
2018.02.24	1305	1337	1304	1317	2312503
2018.02.25	1304	1330	1303	1310	1395490
2018.02.26	1312	1327	1298	1307	706495
2018.02.27	1316	1330	1298	1306	2000430
2018.02.28	1269	1276	1206	1264	4040827
2018.03.03	1253	1255	1213	1228	1625720
2018.03.04	1225	1242	1206	1218	2500493
2018.03.05	1225	1228	1189	1196	2457435
2018.03.06	1189	1196	1145	1158	2240699
2018.03.07	1144	1144	1104	1116	4741395
2018.03.10	1112	1112	1073	1077	1432570
2018.03.11	1098	1137	1097	1137	2876869
2018.03.12	1187	1187	1138	1158	1138835
2018.03.13	1158	1158	1111	1138	904431
2018.03.14	1131	1142	1114	1124	437962
2018.03.17	1131	1147	1121	1130	982016
2018.03.18	1107	1131	1107	1124	747140
2018.03.19	1131	1181	1131	1181	1218506
2018.03.25	1184	1218	1158	1206	654355
2018.03.26	1198	1205	1171	1178	581093
2018.03.27	1179	1196	1149	1170	171307
2018.03.28	1158	1164	1139	1141	355336
2018.04.03	1192	1192	1138	1151	264595
2018.04.04	1140	1145	1118	1118	1744182
2018.04.07	1109	1126	1098	1098	437564
2018.04.08	1123	1123	1078	1098	1336127
2018.04.09	1098	1098	1072	1072	1256611
2018.04.10	1082	1131	1082	1124	843779
2018.04.11	1119	1119	1065	1082	1636586
2018.04.15	1070	1094	1051	1065	344454
2018.04.16	1035	1080	1033	1078	252457
2018.04.17	1084	1084	1055	1065	800514
2018.04.18	1078	1084	1048	1084	140497
2018.04.21	1084	1108	1058	1065	757986
2018.04.22	1090	1130	1084	1130	819019
2018.04.23	1134	1170	1106	1151	1908980
2018.04.24	1156	1170	1127	1135	857085
2018.04.25	1140	1152	1124	1136	584459
2018.04.28	1121	1137	1082	1093	808608
2018.04.29	1078	1130	1073	1118	792137
2018.04.30	1130	1144	1111	1135	865079
2018.05.01	1124	1140	1106	1111	398969
2018.05.05	1111	1111	1081	1081	310181
2018.05.06	1111	1111	1077	1077	543147
2018.05.07	1078	1110	1065	1104	685826
2018.05.08	1099	1131	1099	1106	448506
2018.05.09	1065	1167	1065	1147	5852306
2018.05.12	1158	1189	1151	1164	1608037
2018.05.13	1171	1184	1151	1184	1652594
2018.05.14	1178	1218	1173	1209	3100031
2018.05.15	1211	1211	1144	1184	1386583
2018.05.16	1147	1194	1135	1167	1150652
2018.05.19	1184	1190	1150	1168	1359633
2018.05.20	1167	1181	1151	1177	1173908
2018.05.21	1158	1180	1158	1174	847525
2018.05.22	1163	1222	1163	1213	2325286
2018.05.23	1211	1255	1211	1255	2781863
2018.05.26	1269	1304	1254	1264	3275241
2018.05.27	1238	1274	1225	1225	826578
2018.05.28	1235	1235	1209	1209	1137122
2018.05.29	1205	1205	1182	1184	512048
2018.05.30	1196	1220	1194	1206	1143307
2018.06.02	1225	1225	1165	1169	1107812
2018.06.03	1187	1209	1157	1171	987054
2018.06.09	1173	1198	1116	1118	1169681
2018.06.10	1184	1184	1118	1155	781610
2018.06.11	1171	1172	1142	1158	461420
2018.06.12	1178	1184	1143	1181	1768530
2018.06.13	1160	1216	1159	1216	3793074
2018.06.17	1257	1264	1218	1230	3394623
2018.06.18	1230	1254	1184	1198	2972699
2018.06.19	1191	1191	1151	1164	4142901
2018.06.20	1152	1186	1147	1152	8062652
2018.06.23	1148	1167	1148	1157	1770187
2018.06.24	1164	1196	1152	1166	4204826
2018.06.25	1167	1205	1167	1179	4374188
2018.06.26	1189	1191	1153	1161	2256378
2018.06.27	1154	1177	1126	1147	1945119
2018.07.04	1164	1191	1130	1151	1135775
2018.07.07	1121	1152	1121	1141	985010
2018.07.08	1131	1145	1099	1126	925400
2018.07.10	1098	1130	1075	1095	1800476
2018.07.11	1071	1080	1041	1048	5828916
2018.07.14	1057	1096	1057	1096	970424
2018.07.15	1130	1145	1099	1123	2276768
2018.07.16	1117	1117	1081	1082	1112790
2018.07.17	1082	1122	1062	1082	614696
2018.07.18	1082	1106	1062	1072	3548952
2018.07.21	1072	1082	1048	1062	2041566
2018.07.22	1062	1114	1053	1114	4264213
2018.07.23	1126	1126	1084	1089	2550849
2018.07.24	1089	1139	1089	1100	2518069
2018.07.25	1126	1127	1089	1089	1361521
2018.07.28	1119	1123	1062	1106	1979499
2018.07.29	1069	1110	1069	1094	964608
2018.07.30	1088	1109	1062	1069	1933148
2018.07.31	1062	1128	1062	1128	1802289
2018.08.01	1143	1143	1062	1089	3349283
2018.08.04	1103	1103	1041	1048	2357899
2018.08.05	1043	1089	1028	1028	4995111
2018.08.06	1062	1072	991	991	4862850
2018.08.07	1002	1058	994	1038	3055272
2018.08.08	1037	1065	1037	1062	2160193
2018.08.11	1069	1069	1034	1062	1447883
2018.08.12	1062	1099	1053	1088	2864914
2018.08.13	1096	1103	1076	1096	1664472
2018.08.14	1097	1110	1069	1097	1527921
2018.08.15	1064	1096	1063	1092	1628176
2018.08.18	1092	1135	1092	1135	4774558
2018.08.19	1178	1181	1138	1181	6315838
2018.08.20	1236	1236	1203	1236	7885427
2018.08.21	1288	1288	1265	1288	10065641
2018.08.25	1351	1351	1350	1350	1066378
2018.08.26	1417	1488	1417	1485	14146155
2018.08.27	1546	1546	1400	1452	12117205
2018.08.28	1446	1521	1384	1520	8810506
2018.08.29	1520	1543	1520	1541	342588
2018.09.03	1528	1589	1452	1557	7673594
2018.09.04	1558	1576	1466	1476	6016088
2018.09.05	1500	1535	1439	1508	5839148
2018.09.08	1555	1570	1487	1570	8792723
2018.09.09	1603	1603	1515	1555	5998958
2018.09.10	1556	1592	1507	1540	6194217
2018.09.11	1541	1547	1495	1514	4808198
2018.09.12	1514	1593	1507	1589	16763792
2018.09.15	1645	1659	1582	1610	11960036
2018.09.16	1633	1638	1562	1614	5370023
2018.09.17	1638	1676	1631	1676	2020734
2018.09.18	1756	1756	1754	1756	5464474
2018.09.22	1844	1844	1844	1844	1519521
2018.09.23	1936	1936	1936	1936	394491
2018.09.25	2032	2133	2032	2133	641162
2018.09.26	2211	2211	2211	2211	1385517
2018.09.29	2322	2322	2322	2322	291326
2018.10.01	2421	2542	2421	2542	13388567
2018.10.02	2549	2555	2411	2411	2238385
2018.10.03	2317	2317	2317	2317	1940042
2018.10.06	2319	2433	2201	2201	8246476
2018.10.07	2210	2210	2210	2210	739062
2018.10.08	2099	2099	2099	2099	89156
2018.10.09	2072	2192	2072	2072	19232014
2018.10.10	2002	2056	1993	1993	3149190
2018.10.13	1896	1896	1896	1896	38727
2018.10.14	1885	1885	1885	1885	460406
2018.10.15	1791	1942	1791	1835	13605545
2018.10.16	1884	1910	1850	1891	7462676
2018.10.17	1816	1871	1803	1866	5205116
2018.10.20	1850	1917	1850	1917	3975226
2018.10.21	1977	1977	1809	1816	4338648
2018.10.22	1776	1835	1771	1771	3286102
2018.10.23	1726	1747	1689	1689	856423
2018.10.24	1610	1645	1610	1610	3929164
2018.10.27	1533	1576	1532	1532	1985668
2018.10.28	1507	1576	1467	1569	2417175
2018.10.29	1575	1607	1569	1607	4779214
2018.10.31	1607	1679	1578	1603	1770864
2018.11.03	1603	1606	1562	1562	996778
2018.11.04	1592	1610	1501	1521	2451404
2018.11.05	1561	1586	1536	1586	1242482
2018.11.06	1630	1630	1536	1554	1294780
2018.11.10	1623	1623	1535	1550	1754855
2018.11.11	1596	1638	1516	1638	7213806
2018.11.12	1701	1701	1645	1701	2461338
2018.11.13	1774	1780	1662	1740	5042347
2018.11.14	1708	1708	1653	1653	7178840
2018.11.17	1610	1662	1589	1617	2509319
2018.11.18	1635	1645	1545	1564	5066505
2018.11.19	1636	1636	1562	1582	1546696
2018.11.20	1582	1636	1567	1570	843589
2018.11.21	1630	1681	1590	1658	3209176
2018.11.24	1692	1692	1600	1645	746331
2018.11.26	1665	1708	1638	1688	5354477
2018.11.27	1768	1768	1645	1704	2323181
2018.11.28	1686	1686	1638	1648	1210916
2018.12.01	1711	1711	1597	1645	2346759
2018.12.02	1659	1704	1658	1704	905356
2018.12.03	1733	1752	1616	1706	2229406
2018.12.04	1726	1726	1617	1645	910032
2018.12.05	1624	1722	1624	1722	1214462
2018.12.08	1768	1798	1645	1798	3094503
2018.12.09	1840	1849	1762	1830	4260976
2018.12.10	1850	1850	1747	1747	1426392
2018.12.11	1780	1781	1740	1752	831620
2018.12.12	1733	1810	1733	1810	1683244
2018.12.15	1812	1813	1713	1713	1189007
2018.12.16	1706	1781	1679	1781	1480807
2018.12.17	1728	1776	1640	1754	2459842
2018.12.18	1584	1665	1584	1665	1844077
2018.12.19	1614	1674	1614	1658	1823138
2018.12.22	1699	1699	1599	1610	1030969
2018.12.23	1645	1673	1611	1638	974179
2018.12.24	1699	1699	1611	1617	985427
2018.12.25	1645	1705	1543	1704	6099022
2018.12.26	1699	1702	1652	1679	1407300
2018.12.29	1679	1740	1672	1691	494180
2018.12.30	1656	1747	1633	1747	5083265
2018.12.31	1736	1759	1713	1759	1400576
2019.01.01	1838	1838	1823	1838	3745032
2019.01.02	1884	1893	1789	1850	3501584
2019.01.05	1850	1944	1830	1944	4643242
2019.01.06	2014	2022	1905	1985	5538928
2019.01.07	1940	1980	1883	1883	2581137
2019.01.08	1884	1991	1840	1976	9702672
2019.01.09	2003	2021	1930	1957	5548932
2019.01.12	1931	1971	1891	1891	4074211
2019.01.13	1857	1904	1854	1888	2319851
2019.01.14	1888	1932	1861	1902	947678
2019.01.15	1918	1960	1903	1918	1853898
2019.01.16	1970	2028	1941	1987	2463485
2019.01.19	1994	2007	1906	1999	1636041
2019.01.20	1940	1994	1893	1895	5187962
2019.01.21	1951	1951	1810	1852	1184742
2019.01.22	1884	1938	1823	1938	2213284
2019.01.23	1980	1980	1877	1929	956988
2019.01.26	2001	2044	1987	2027	5428132
2019.01.27	2043	2131	2035	2124	3470183
2019.01.28	2100	2100	1995	2008	1856525
2019.01.29	1973	2048	1919	1987	1581817
2019.01.30	1973	2032	1953	1963	2772577
2019.02.02	1987	2024	1905	1925	1269545
2019.02.03	1871	1917	1837	1908	2589594
2019.02.04	1920	1942	1863	1877	952714
2019.02.05	1917	1973	1884	1959	1827968
2019.02.06	1980	1990	1894	1925	1233010
2019.02.10	1938	1938	1881	1898	790184
2019.02.12	1864	1918	1860	1891	618025
2019.02.13	1904	1918	1836	1897	1314124
2019.02.16	1850	1912	1850	1867	1279244
2019.02.17	1857	1857	1781	1810	1612194
2019.02.18	1835	1849	1790	1840	1110175
2019.02.19	1840	1907	1840	1907	1863239
2019.02.20	1946	1978	1884	1884	1098641
2019.02.23	1864	1939	1864	1898	916768
2019.02.24	1903	1977	1903	1946	1221437
2019.02.25	1917	1949	1917	1939	1489545
2019.02.26	1932	1932	1835	1925	1346258
2019.02.27	1963	1963	1850	1931	665640
2019.03.02	1928	1939	1898	1918	1651972
2019.03.03	1881	1938	1881	1932	848569
2019.03.04	1899	1938	1899	1905	1373834
2019.03.05	1905	1935	1871	1875	646807
2019.03.06	1860	1881	1850	1855	1169002
2019.03.09	1861	1884	1836	1845	551478
2019.03.10	1881	1881	1831	1864	1372397
2019.03.11	1842	1898	1842	1873	966678
2019.03.12	1850	1917	1844	1891	2251085
2019.03.13	1910	1917	1851	1889	2699660
2019.03.16	1864	1905	1852	1887	1103450
2019.03.17	1907	1929	1884	1900	1381440
2019.03.18	1900	1925	1877	1883	1324596
2019.03.19	1886	1932	1886	1925	998777
2019.03.25	1925	2005	1895	2005	2070966
2019.03.26	2028	2063	2001	2063	2478814
2019.03.27	2110	2153	2056	2148	2937871
2019.03.30	2122	2172	2065	2076	2245273
2019.03.31	2116	2116	2022	2056	2300473
2019.04.06	2069	2164	2056	2164	4777700
2019.04.07	2206	2254	2110	2110	4473271
2019.04.08	2099	2192	2099	2179	2747151
2019.04.09	2158	2265	2158	2254	6076255
2019.04.10	2261	2300	2252	2260	8199806
2019.04.13	2330	2330	2192	2272	3396168
2019.04.14	2274	2325	2163	2307	2643417
2019.04.15	2336	2359	2330	2359	8361050
2019.04.16	2398	2477	2353	2428	13283702
2019.04.17	2444	2507	2354	2477	4356686
2019.04.20	2401	2528	2401	2473	4212677
2019.04.22	2507	2507	2374	2411	3956538
2019.04.23	2343	2449	2343	2381	2709724
2019.04.24	2408	2508	2398	2487	3684875
2019.04.27	2574	2605	2537	2605	2449530
2019.04.28	2727	2727	2727	2727	3094778
2019.04.29	2863	2863	2768	2863	13144095
2019.04.30	2996	2996	2755	2823	5225876
2019.05.01	2864	2981	2775	2929	4546531
2019.05.04	2930	2984	2843	2960	6066668
2019.05.05	2969	3054	2775	2953	6012895
2019.05.06	2946	2952	2811	2811	3886623
2019.05.07	2684	2796	2684	2684	2330137
2019.05.08	2558	2827	2558	2827	4338192
2019.05.11	2879	2879	2755	2879	4692413
2019.05.12	3008	3008	2958	3008	10208175
2019.05.13	3156	3156	3124	3156	8105955
2019.05.14	3311	3311	3285	3285	5393127
2019.05.15	3282	3391	3145	3302	8936371
2019.05.18	3371	3371	3152	3193	6779273
2019.05.19	3288	3342	3187	3220	7008244
2019.05.20	3187	3426	3187	3426	8461577
2019.05.21	3515	3518	3499	3518	4108131
2019.05.22	3693	3693	3693	3693	8043423
2019.05.25	3877	3877	3707	3877	13808861
2019.05.26	3974	4069	3884	3952	11256823
2019.05.28	4006	4035	3837	3981	10587801
2019.06.09	4124	4309	4124	4222	3729694
2019.06.10	4385	4385	4077	4268	5157208
2019.06.11	4077	4111	3988	4008	7753646
2019.06.12	4076	4111	3818	3818	25784289
2019.06.15	3692	3769	3687	3700	7436936
2019.06.16	3666	3877	3617	3645	6429800
2019.06.17	3625	3700	3551	3604	3833364
2019.06.18	3693	3766	3632	3766	5785531
2019.06.19	3859	3878	3686	3870	4962442
2019.06.22	3782	3837	3673	3747	1616829
2019.06.23	3802	3882	3700	3850	1569274
2019.06.24	3892	4020	3892	4020	5216700
2019.06.25	4043	4076	3838	3933	2572629
2019.06.26	4069	4069	3785	3841	4675715
2019.06.30	3836	3843	3652	3693	2911636
2019.07.01	3656	3837	3578	3772	3064063
2019.07.08	3790	3979	3790	3979	3940889
2019.07.09	4084	4084	3843	3933	1831106
2019.07.10	3860	3896	3747	3832	7515568
2019.07.13	3761	3825	3705	3809	1796253
2019.07.14	3811	3949	3811	3949	2539476
2019.07.15	4108	4108	3979	3996	2990519
2019.07.16	4052	4052	3849	3875	4881379
2019.07.17	4001	4074	3850	4066	10496698
2019.07.20	4094	4101	3977	4037	1454933
2019.07.21	4066	4241	3969	4169	3974853
2019.07.22	4232	4242	4073	4134	2357739
2019.07.23	4215	4229	4073	4144	1802893
2019.07.24	4094	4243	4073	4130	3281556
2019.07.27	4261	4363	4245	4292	4178191
2019.07.28	4419	4419	4172	4243	2072117
2019.07.29	4278	4278	4146	4229	1575375
2019.07.30	4278	4321	4125	4225	2075696
2019.07.31	4320	4320	4152	4158	1226633
2019.08.03	4215	4215	4108	4111	2433964
2019.08.04	4250	4361	4111	4361	5278435
2019.08.05	4390	4494	4390	4494	2587079
2019.08.06	4505	4700	4498	4700	4829653
2019.08.07	4795	4848	4698	4728	2728841
2019.08.10	4744	4744	4569	4576	2382751
2019.08.11	4535	4802	4535	4688	2020532
2019.08.13	4810	4810	4640	4675	1490120
2019.08.14	4675	4932	4611	4932	7047394
2019.08.17	4958	5065	4781	4957	3376626
2019.08.18	4951	5189	4923	5160	2966618
2019.08.19	5135	5364	5100	5364	5472280
2019.08.21	5525	5598	5422	5598	4943380
2019.08.24	5731	5851	5582	5589	2824147
2019.08.25	5624	5624	5443	5443	7117922
2019.08.26	5595	5695	5476	5539	4049436
2019.08.27	5659	5659	5322	5369	4035695
2019.08.28	5312	5596	5194	5482	4375394
2019.08.31	5599	5645	5210	5383	2918749
2019.09.01	5242	5383	5153	5355	3346697
2019.09.02	5348	5348	4985	5150	3752405
2019.09.03	5072	5205	4959	5185	1177956
2019.09.04	5172	5271	5171	5235	1699955
2019.09.07	5312	5418	5242	5369	3253643
2019.09.08	5487	5489	5281	5313	2913458
2019.09.11	5383	5645	5284	5419	6838614
2019.09.14	5526	5548	5376	5482	3765306
2019.09.15	5524	5524	5231	5424	2296636
2019.09.16	5313	5628	5313	5628	5772087
2019.09.17	5836	5836	5689	5836	11938235
2019.09.18	6107	6107	5716	5822	4311421
2019.09.21	5950	6153	5879	6141	5813601
2019.09.22	6162	6276	6026	6148	5201066
2019.09.23	6165	6304	6141	6162	2801276
2019.09.24	6303	6303	5895	6050	4039456
2019.09.25	6022	6085	5915	5971	2923835
2019.09.28	6157	6157	5950	6049	3958315
2019.09.29	6091	6091	5794	5911	4164779
2019.09.30	5907	6174	5907	6162	5723422
2019.10.01	6302	6324	5893	5903	4039306
2019.10.02	6056	6303	5839	6296	5575075
2019.10.05	6315	6437	6315	6437	7163216
2019.10.06	6578	6745	6340	6745	11837609
2019.10.07	7005	7005	6787	6938	6423793
2019.10.08	6996	7005	6592	6592	3212433
2019.10.09	6332	6658	6332	6630	8371474
2019.10.12	6715	6727	6517	6692	1835991
2019.10.13	6913	6913	6580	6683	2112861
2019.10.14	6580	6580	6337	6337	2983987
2019.10.15	6104	6162	6048	6048	1478018
2019.10.16	5769	5769	5769	5769	2814962
2019.10.22	5766	5766	5482	5730	2380665
2019.10.23	5730	5768	5383	5383	2809412
2019.10.26	5463	5463	5178	5263	2779589
2019.10.28	5256	5461	5256	5461	3566393
2019.10.30	5716	5723	5641	5723	10923199
2019.11.02	5984	5984	5454	5596	5123559
2019.11.03	5773	5948	5550	5667	1764225
2019.11.04	5864	5864	5473	5497	1149057
2019.11.05	5479	5665	5320	5548	2311180
2019.11.09	5702	5702	5446	5487	1056671
2019.11.10	5638	5638	5349	5461	1174733
2019.11.11	5580	5580	5242	5472	1209678
2019.11.12	5472	5706	5472	5706	2403016
2019.11.13	5936	5947	5671	5915	2096855
2019.11.16	6152	6152	5737	5782	1140580
2019.11.17	5611	5611	5611	5611	874351
2019.11.18	5332	5560	5331	5453	2875073
2019.11.19	5589	5638	5454	5585	1094065
2019.11.20	5667	5702	5490	5587	2644539
2019.11.23	5567	5808	5560	5779	1967649
2019.11.24	5625	5840	5624	5737	1841768
2019.11.25	5766	6020	5748	6019	3740131
2019.11.26	6137	6240	5879	6063	4054113
2019.11.27	5960	6092	5951	5960	2163377
2019.11.30	5985	6131	5960	6078	1892977
2019.12.01	5985	6162	5985	6135	2205056
2019.12.02	6198	6209	5810	5829	3096666
2019.12.03	6212	6216	6134	6216	4356339
2019.12.04	6374	6375	6240	6353	3655393
2019.12.07	6587	6587	6206	6265	4622693
2019.12.08	6037	6375	6037	6240	2624393
2019.12.09	6439	6439	6092	6136	3579911
2019.12.10	6162	6260	5983	6092	4627012
2019.12.11	6091	6179	5915	6106	2874003
2019.12.14	6162	6318	6049	6233	6430802
2019.12.21	7804	7804	7414	7414	1705077
2019.12.22	7180	7822	7180	7822	10287531
2019.12.23	8080	8080	7322	7785	6880348
2019.12.24	7828	7999	7828	7913	3322666
2019.12.25	8000	8000	7550	7989	3757839
2019.12.28	8000	8100	7800	7900	9526006
2019.12.29	8000	8000	7630	7855	2674145
2019.12.30	7856	7965	7677	7815	3689421
2019.12.31	7914	7914	7556	7798	2830995
2020.01.01	7770	7790	7667	7670	3771441
2020.01.04	7318	7318	7318	7318	711241
2020.01.05	6953	7300	6953	6970	6724459
2020.01.07	6900	7190	6631	6631	2806156
2020.01.08	6606	6606	6606	6606	759635
2020.01.11	6738	6738	6738	6738	1158123
2020.01.12	7074	7074	7074	7074	735301
2020.01.13	7427	7427	7277	7427	3309993
2020.01.14	7640	7788	7501	7788	7951921
2020.01.15	7890	8116	7545	8111	5329403
2020.01.18	8325	8325	8150	8325	11916270
2020.01.19	8732	8732	8532	8696	23900546
2020.01.20	8830	8830	8288	8600	7527035
2020.01.21	8770	8770	8211	8339	10619442
2020.01.22	8160	8692	8160	8692	11716045
2020.01.25	9017	9017	8950	9017	10425202
2020.01.26	9466	9466	9050	9342	20621456
2020.01.27	9341	9555	9001	9259	4409394
2020.01.28	9002	9350	8996	9075	6055592
2020.02.01	9266	9266	8612	8845	7520155
2020.02.02	8607	9261	8500	9261	10278812
2020.02.03	9493	9493	9304	9493	11862055
2020.02.04	9967	9967	9760	9967	21532993
2020.02.05	10456	10456	10150	10456	4931910
2020.02.08	10963	10963	9920	10550	13315446
2020.02.09	10941	10962	10211	10702	6991650
2020.02.10	10960	10960	10189	10189	8795146
2020.02.12	10223	10734	10001	10734	14122567
2020.02.15	10975	10975	10975	10975	3093956
2020.02.16	11523	11523	11100	11523	16989847
2020.02.17	12047	12047	11703	12047	14783719
2020.02.18	11600	11998	11438	11550	15758790
2020.02.19	11711	12117	11541	12117	11389095
2020.02.22	11500	12667	11500	12667	5147068
2020.02.23	13042	13042	13042	13042	1745871
2020.02.24	13694	13694	13694	13694	500421
2020.02.26	14378	15044	13660	13700	19566657
2020.02.29	13232	13927	13232	13400	14765123
2020.03.01	13705	14051	13705	14051	10644024
2020.03.02	14731	14731	14731	14731	3588920
2020.03.03	15467	15467	15467	15467	2127550
2020.03.04	15925	15925	15925	15925	4006382
2020.03.07	15129	16709	15129	15490	12640184
2020.03.09	15560	15799	15111	15111	3193060
2020.03.10	14420	15100	14420	14440	15248907
