 ,open,high,low,adjclose,volume,ticker
2012-02-08,167,167,167,167,251612500,zob
2012-02-12,175,175,169,175,75848282,zob
2012-02-13,176,179,167,168,23435322,zob
2012-02-14,169,169,166,168,12352753,zob
2012-02-15,168,169,164,165,9402675,zob
2012-02-18,166,169,165,166,10763775,zob
2012-02-19,166,168,162,164,8287222,zob
2012-02-20,160,162,158,159,7255902,zob
2012-03-18,186,198,179,186,50569565,zob
2012-03-24,199,199,199,199,780221,zob
2012-03-25,208,208,208,208,1107443,zob
2012-03-26,215,218,202,218,35810039,zob
2012-03-27,224,225,223,225,6474176,zob
2012-03-28,236,236,236,236,468277,zob
2012-04-02,243,246,233,237,44896673,zob
2012-04-03,233,234,229,229,12919026,zob
2012-04-04,224,231,224,228,12630819,zob
2012-04-07,227,239,227,237,11614226,zob
2012-04-08,243,248,237,241,22050791,zob
2012-04-09,247,251,243,244,6497534,zob
2012-04-10,252,258,252,256,15758626,zob
2012-04-11,256,268,255,268,11247915,zob
2012-04-14,275,277,270,277,42588864,zob
2012-04-15,291,291,288,291,54534304,zob
2012-04-16,292,294,276,278,25315913,zob
2012-04-17,282,285,269,280,12988892,zob
2012-04-18,281,291,281,291,26599215,zob
2012-04-21,294,298,279,282,6825525,zob
2012-04-22,279,282,275,277,4886382,zob
2012-04-23,276,276,264,267,14799724,zob
2012-04-24,259,276,256,267,6179016,zob
2012-04-28,268,268,255,255,12686141,zob
2012-04-29,250,255,244,244,6441177,zob
2012-04-30,243,250,241,247,8112389,zob
2012-05-01,248,251,241,242,4328093,zob
2012-05-02,241,243,237,241,2869438,zob
2012-05-05,242,243,233,234,3383765,zob
2012-05-06,236,247,236,244,3594916,zob
2012-05-07,243,246,238,241,2785501,zob
2012-05-08,243,243,238,238,1648458,zob
2012-05-09,237,242,233,238,4350120,zob
2012-05-12,238,238,224,224,8680780,zob
2012-05-13,223,233,217,231,3181276,zob
2012-05-14,230,239,230,239,6715011,zob
2012-05-15,247,247,238,238,4007663,zob
2012-05-16,242,242,234,235,1971969,zob
2012-05-19,237,237,229,234,1047287,zob
2012-05-20,235,243,233,239,2077283,zob
2012-05-26,217,226,211,223,8305595,zob
2012-05-27,224,228,221,227,2051791,zob
2012-05-28,227,229,220,222,1360503,zob
2012-05-29,222,224,220,221,1528862,zob
2012-05-30,221,230,219,228,2624847,zob
2012-06-02,229,236,225,226,13753380,zob
2012-06-05,223,223,223,223,142509,zob
2012-06-06,212,216,212,212,10723379,zob
2012-06-09,210,210,202,202,4440448,zob
2012-06-10,197,202,193,200,5094242,zob
2012-06-11,204,207,199,202,11908534,zob
2012-06-12,204,204,195,196,3148642,zob
2012-06-13,197,201,193,197,2422747,zob
2012-06-16,198,200,193,194,2230973,zob
2012-06-17,193,199,190,197,2870569,zob
2012-06-19,199,199,192,197,806484,zob
2012-06-20,199,199,191,191,1370701,zob
2012-06-23,192,192,184,184,6791255,zob
2012-06-24,179,189,179,180,3251883,zob
2012-06-25,179,182,178,178,1850061,zob
2012-06-26,179,179,170,170,1962588,zob
2012-06-27,165,170,164,169,7333720,zob
2012-06-30,174,174,174,174,1112768,zob
2012-07-01,182,182,176,182,2970200,zob
2012-07-02,190,190,190,190,124304,zob
2012-07-03,200,200,192,197,9127701,zob
2012-07-04,194,200,189,196,3165647,zob
2012-07-07,194,196,188,188,1985973,zob
2012-07-08,187,192,182,182,2816471,zob
2012-07-09,178,179,175,179,5529253,zob
2012-07-10,179,185,179,185,8594351,zob
2012-07-11,187,194,187,191,4854986,zob
2012-07-14,194,197,183,185,2908114,zob
2012-07-15,187,189,179,179,7468150,zob
2012-07-16,179,182,173,173,6240185,zob
2012-07-28,179,179,164,165,6183980,zob
2012-07-29,165,169,160,162,1963529,zob
2012-07-30,166,170,162,170,6205164,zob
2012-07-31,177,177,177,177,2058534,zob
2012-08-01,186,186,175,175,8136518,zob
2012-08-04,174,174,173,173,1295629,zob
2012-08-05,166,178,165,177,3832494,zob
2012-08-06,177,180,175,176,7644589,zob
2012-08-07,179,179,170,170,3715237,zob
2012-08-08,174,180,168,180,4772322,zob
2012-08-11,182,187,180,187,7370675,zob
2012-08-12,188,190,176,182,6555737,zob
2012-08-13,179,190,176,189,6157691,zob
2012-08-14,190,197,190,197,8750879,zob
2012-08-15,207,207,207,207,491331,zob
2012-08-18,211,215,204,208,14120212,zob
2012-08-21,209,218,209,218,19637425,zob
2012-08-22,217,221,209,209,6827392,zob
2012-08-25,209,214,204,213,9914691,zob
2012-08-26,213,217,211,211,10247148,zob
2012-08-27,211,211,203,211,12671465,zob
2012-09-02,206,218,206,218,18972103,zob
2012-09-03,226,226,222,226,30344611,zob
2012-09-04,228,235,224,231,31080130,zob
2012-09-05,231,233,219,221,16883876,zob
2012-09-08,224,235,220,227,19196542,zob
2012-09-09,230,231,219,225,7595691,zob
2012-09-10,224,233,224,230,19660243,zob
2012-09-11,234,241,231,231,8536891,zob
2012-09-15,237,247,235,241,16137802,zob
2012-09-16,243,245,233,237,7266689,zob
2012-09-17,237,243,234,238,6490068,zob
2012-09-18,242,242,234,234,9227948,zob
2012-09-19,234,248,234,238,18264088,zob
2012-09-22,243,252,243,252,13672971,zob
2012-09-23,263,263,248,254,20703343,zob
2012-09-24,254,268,252,267,14387591,zob
2012-09-25,271,275,270,275,21113338,zob
2012-09-26,286,288,282,288,25945014,zob
2012-09-29,299,302,295,302,16532459,zob
2012-09-30,316,316,293,304,39525855,zob
2012-10-01,309,311,293,293,29549374,zob
2012-10-02,295,303,288,290,28973192,zob
2012-10-03,299,304,276,276,29433825,zob
2012-10-06,274,277,274,274,3412289,zob
2012-10-07,267,280,264,269,14493888,zob
2012-10-08,275,281,270,276,5464411,zob
2012-10-09,281,281,262,268,6322536,zob
2012-10-10,267,267,257,262,5511595,zob
2012-10-13,256,256,246,246,5884108,zob
2012-10-14,243,259,240,259,8846367,zob
2012-10-15,264,265,263,265,4459711,zob
2012-10-16,274,278,256,258,25921548,zob
2012-10-17,261,282,257,282,36541590,zob
2012-10-20,285,285,285,285,642959,zob
2012-10-21,299,299,292,299,80763901,zob
2012-10-22,314,314,314,314,125226625,zob
2012-10-23,313,325,299,310,41723248,zob
2012-10-24,309,329,309,329,50965227,zob
2012-10-27,330,339,329,339,51458881,zob
2012-10-28,349,352,329,343,49953987,zob
2012-10-29,346,355,339,349,29462483,zob
2012-10-30,346,365,346,349,56516880,zob
2012-10-31,346,357,340,352,34669309,zob
2012-11-04,354,363,345,347,20816474,zob
2012-11-05,345,345,335,340,46433930,zob
2012-11-06,337,352,337,349,22840857,zob
2012-11-07,358,365,354,365,28491733,zob
2012-11-10,366,372,348,361,21839636,zob
2012-11-11,361,370,356,356,14881794,zob
2012-11-12,354,368,348,360,15750596,zob
2012-11-13,363,378,362,378,45829718,zob
2012-11-14,386,395,384,385,49387935,zob
2012-11-17,392,392,373,376,40459922,zob
2012-11-18,371,386,367,369,15682902,zob
2012-11-19,362,367,356,356,27777373,zob
2012-11-20,351,363,340,357,14285594,zob
2012-11-21,357,363,357,362,12131325,zob
2012-11-26,369,378,369,378,16275501,zob
2012-11-27,384,393,376,379,23196358,zob
2012-11-28,384,390,371,378,24664591,zob
2012-12-01,379,385,371,375,17062565,zob
2012-12-02,382,390,370,375,20798245,zob
2012-12-03,375,378,368,371,16378297,zob
2012-12-04,374,379,369,369,9009147,zob
2012-12-05,368,380,365,378,15912235,zob
2012-12-08,385,394,371,372,49261954,zob
2012-12-09,371,377,367,368,34570072,zob
2012-12-10,366,378,354,358,10221550,zob
2012-12-11,357,367,352,353,6637061,zob
2012-12-12,355,356,345,353,9458834,zob
2012-12-15,358,363,352,354,6338385,zob
2012-12-16,360,370,352,363,11914892,zob
2012-12-17,370,382,370,382,25257889,zob
2012-12-18,388,388,372,373,20942887,zob
2012-12-19,376,385,365,367,20047247,zob
2012-12-22,371,380,367,376,12034401,zob
2012-12-23,394,394,394,394,20209966,zob
2012-12-24,414,414,414,414,10177848,zob
2012-12-25,427,428,394,411,68613268,zob
2012-12-26,408,437,404,436,68309330,zob
2013-01-20,382,408,372,404,29309695,zob
2013-01-21,404,416,403,409,24820668,zob
2013-01-22,407,412,393,403,18755213,zob
2013-01-23,412,414,407,414,15294357,zob
2013-01-26,431,434,418,419,15550401,zob
2013-01-27,416,418,406,406,18493492,zob
2013-01-28,390,411,390,407,12237691,zob
2013-01-30,408,408,391,394,6720661,zob
2013-02-02,397,412,392,394,13076670,zob
2013-02-03,399,409,391,406,15607001,zob
2013-02-04,394,401,385,388,15846789,zob
2013-02-05,386,402,385,390,7244134,zob
2013-02-06,393,412,393,406,67838913,zob
2013-02-09,407,409,394,398,7108714,zob
2013-02-11,400,419,395,415,21506959,zob
2013-02-12,420,422,399,400,7768579,zob
2013-02-13,401,403,395,397,6320902,zob
2013-02-16,404,411,400,408,7409507,zob
2013-02-17,420,427,412,427,79807636,zob
2013-02-18,447,447,442,447,44385314,zob
2013-02-27,483,484,461,462,77752961,zob
2013-03-02,454,466,447,447,43581784,zob
2013-03-03,435,448,425,439,38376342,zob
2013-03-04,439,445,420,424,14286701,zob
2013-03-05,416,424,410,421,16292438,zob
2013-03-06,416,431,416,426,132033666,zob
2013-03-09,419,425,412,413,8160587,zob
2013-03-10,418,438,418,435,37402185,zob
2013-03-11,435,441,429,434,3408058,zob
2013-03-12,432,445,424,444,10352372,zob
2013-03-13,445,457,427,433,38459458,zob
2013-03-16,425,428,420,420,6590958,zob
2013-03-17,400,418,400,412,13424020,zob
2013-03-18,411,429,408,429,8980090,zob
2013-03-25,438,438,438,438,1675976,zob
2013-03-26,459,460,435,440,12973163,zob
2013-03-27,441,441,428,430,5734894,zob
2013-03-30,422,426,412,419,6567639,zob
2013-03-31,425,428,413,414,7800285,zob
2013-04-03,416,416,409,413,9524374,zob
2013-04-06,418,418,405,405,6372853,zob
2013-04-07,405,409,395,401,6360893,zob
2013-04-08,403,412,402,411,7456795,zob
2013-04-09,409,415,404,406,8945590,zob
2013-04-10,406,409,397,402,13969614,zob
2013-04-13,400,400,388,393,9118930,zob
2013-04-15,390,399,388,392,5589352,zob
2013-04-16,394,403,390,392,10614576,zob
2013-04-17,397,398,375,375,17233273,zob
2013-04-20,375,380,363,363,22754360,zob
2013-04-21,362,375,347,370,17157669,zob
2013-04-22,373,376,371,376,3643051,zob
2013-04-23,394,394,394,394,1938036,zob
2013-04-24,414,414,402,411,24898536,zob
2013-04-27,407,413,395,399,11498710,zob
2013-04-28,403,409,388,395,10155293,zob
2013-04-29,397,417,394,417,18151195,zob
2013-04-30,416,416,399,400,12147998,zob
2013-05-01,401,416,400,404,13980451,zob
2013-05-04,426,426,424,426,6278007,zob
2013-05-05,447,447,421,432,38307852,zob
2013-05-06,433,438,418,420,11393304,zob
2013-05-07,422,425,406,412,7669671,zob
2013-05-08,406,414,397,403,5508634,zob
2013-05-11,403,420,403,414,6972564,zob
2013-05-12,434,434,409,409,20358306,zob
2013-05-13,413,421,404,404,5661495,zob
2013-05-14,397,399,388,394,5925334,zob
2013-05-15,399,407,378,382,7373832,zob
2013-05-18,378,379,371,371,1994978,zob
2013-05-19,366,391,360,384,6415123,zob
2013-05-20,384,393,371,389,3252070,zob
2013-06-23,370,373,354,370,35610538,zob
2013-06-25,371,373,357,367,5658818,zob
2013-06-26,371,382,366,379,6381171,zob
2013-06-29,388,396,378,396,10597412,zob
2013-06-30,403,413,397,413,13566788,zob
2013-07-01,419,420,398,399,11390534,zob
2013-07-02,397,397,389,392,7647885,zob
2013-07-03,395,407,386,392,11277203,zob
2013-07-06,398,412,393,402,12932596,zob
2013-07-07,410,417,385,386,23957265,zob
2013-07-08,388,391,384,388,8442685,zob
2013-07-09,386,388,374,377,8595493,zob
2013-07-10,384,394,374,375,6378788,zob
2013-07-13,375,382,366,367,6054589,zob
2013-07-17,361,375,356,373,9897304,zob
2013-07-27,378,414,378,403,21978740,zob
2013-07-28,397,418,397,410,14077819,zob
2013-07-29,417,431,416,431,13947447,zob
2013-07-31,450,450,450,450,13209957,zob
2013-08-03,473,473,454,468,94389546,zob
2013-08-04,471,486,461,468,28993559,zob
2013-08-05,473,489,462,474,13313812,zob
2013-08-06,479,500,474,495,64073713,zob
2013-08-07,509,523,506,513,52191631,zob
2013-08-11,531,542,527,528,19081563,zob
2013-08-12,522,531,510,512,24793423,zob
2013-08-13,513,516,497,503,16165177,zob
2013-08-14,497,528,495,517,17796565,zob
2013-08-17,535,545,512,514,13105539,zob
2013-08-18,516,516,500,500,11723596,zob
2013-08-19,503,518,496,500,9937091,zob
2013-08-20,508,508,489,496,4390453,zob
2013-08-21,497,515,493,507,10403039,zob
2013-08-24,516,527,512,517,10117120,zob
2013-08-25,520,524,503,505,4423134,zob
2013-08-26,506,509,489,498,8766775,zob
2013-08-27,494,504,472,472,10455124,zob
2013-08-28,459,465,459,459,28678445,zob
2013-08-31,473,482,467,482,12823461,zob
2013-09-01,494,504,490,504,19079693,zob
2013-09-03,517,529,507,511,24894777,zob
2013-09-04,491,491,491,491,3861215,zob
2013-09-07,473,485,470,476,9162238,zob
2013-09-08,486,498,486,498,7314689,zob
2013-09-09,514,515,482,486,7570988,zob
2013-09-10,511,523,511,523,8922187,zob
2013-09-11,546,546,530,536,29180365,zob
2013-09-14,537,538,516,529,8714444,zob
2013-09-15,526,535,513,531,8580641,zob
2013-09-16,512,532,512,530,8676463,zob
2013-09-17,531,540,521,522,10419436,zob
2013-09-18,534,540,525,532,7773170,zob
2013-09-21,539,541,520,521,46087959,zob
2013-09-22,517,517,502,509,7033758,zob
2013-09-23,515,531,511,522,6912334,zob
2013-09-24,508,518,506,507,5462597,zob
2013-09-25,512,514,506,512,9434099,zob
2013-09-28,523,523,503,504,9871349,zob
2013-09-29,505,512,499,510,9013650,zob
2013-09-30,504,524,501,519,12871542,zob
2013-10-01,523,535,509,527,14255300,zob
2013-10-02,528,532,516,518,7816860,zob
2013-10-05,513,527,513,520,5022256,zob
2013-10-06,518,520,511,513,8254225,zob
2013-10-07,512,514,504,508,5183173,zob
2013-10-08,504,515,503,506,4230666,zob
2013-10-09,509,511,496,508,20056032,zob
2013-10-12,512,526,499,526,19513646,zob
2013-10-13,535,543,521,524,15083461,zob
2013-10-14,523,528,516,518,10979356,zob
2013-10-15,516,542,516,530,10230475,zob
2013-10-19,530,543,512,517,13352009,zob
2013-10-20,516,516,502,509,7788459,zob
2013-10-21,506,513,499,504,8601563,zob
2013-10-22,503,510,494,506,5023080,zob
2013-10-23,504,517,502,517,6464234,zob
2013-10-26,509,524,499,502,3973187,zob
2013-10-27,503,508,494,495,3672484,zob
2013-10-28,497,497,480,493,3761975,zob
2013-10-29,494,502,488,490,2487181,zob
2013-10-30,497,506,480,493,9059464,zob
2013-11-02,494,499,481,483,4884514,zob
2013-11-03,490,490,483,483,4497066,zob
2013-11-04,482,491,481,486,3484867,zob
2013-11-05,489,495,479,483,6154608,zob
2013-11-06,486,487,481,486,6038293,zob
2013-11-09,491,498,473,476,6415663,zob
2013-11-10,476,486,476,481,3172952,zob
2013-11-11,477,477,461,474,7546089,zob
2013-11-12,470,490,470,484,3876369,zob
2013-11-16,488,502,477,499,6987230,zob
2013-11-17,503,503,481,482,3898302,zob
2013-11-18,486,486,473,482,7507026,zob
2013-11-19,484,493,479,483,3964348,zob
2013-11-20,483,488,481,483,4200508,zob
2013-11-23,486,495,481,483,4301627,zob
2013-11-24,491,499,481,487,5700102,zob
2013-11-25,497,497,471,480,8821585,zob
2013-11-26,480,480,472,473,5116493,zob
2013-11-27,476,482,470,471,5800892,zob
2013-11-30,471,475,467,469,4360379,zob
2013-12-01,473,495,473,495,27806088,zob
2013-12-02,495,510,486,491,8548281,zob
2013-12-03,497,498,476,481,3519095,zob
2013-12-04,476,483,471,473,3555738,zob
2013-12-07,474,480,469,472,5914888,zob
2013-12-08,474,482,469,474,10626668,zob
2013-12-09,485,493,476,489,6686806,zob
2013-12-10,497,508,493,508,9466381,zob
2013-12-11,532,532,518,532,56122849,zob
2013-12-14,531,558,531,558,36128613,zob
2013-12-15,578,578,576,578,31043531,zob
2013-12-16,606,607,550,578,52027957,zob
2013-12-17,576,581,559,562,21994426,zob
2013-12-18,557,578,549,551,28078149,zob
2013-12-21,561,576,550,567,14776666,zob
2013-12-22,576,576,557,564,13734179,zob
2013-12-24,572,592,563,592,39354085,zob
2013-12-25,617,620,604,619,39136021,zob
2013-12-28,627,627,602,608,20408168,zob
2013-12-29,604,605,595,602,15534867,zob
2013-12-30,605,612,591,591,11104250,zob
2014-01-01,595,600,586,586,9217634,zob
2014-01-04,595,595,573,576,22062899,zob
2014-01-05,589,589,573,576,9505165,zob
2014-01-06,584,604,584,596,10948666,zob
2014-01-07,601,601,576,578,7317599,zob
2014-01-08,588,588,557,563,8723241,zob
2014-01-11,571,571,557,563,9176967,zob
2014-01-12,558,569,534,542,9848393,zob
2014-01-13,563,566,561,566,3256977,zob
2014-01-14,576,587,557,565,7554019,zob
2014-01-15,574,574,544,569,1993602,zob
2014-01-18,587,587,567,576,8088737,zob
2014-01-20,578,588,554,565,3491076,zob
2014-01-21,582,587,554,559,2462888,zob
2014-01-22,559,571,544,555,3023315,zob
2014-01-25,559,569,559,567,661133,zob
2014-01-26,550,563,535,535,2497324,zob
2014-01-27,516,532,510,528,7380521,zob
2014-01-28,527,537,527,537,3478532,zob
2014-01-29,554,563,549,563,2665589,zob
2014-02-01,576,586,573,586,5570254,zob
2014-02-02,586,590,563,581,5409629,zob
2014-02-03,575,587,558,582,2255450,zob
2014-02-04,582,582,568,573,2711029,zob
2014-02-05,554,574,545,545,2608448,zob
2014-02-08,530,537,520,523,3630474,zob
2014-02-09,518,543,518,537,1312048,zob
2014-02-10,542,554,511,512,2573186,zob
2014-02-12,500,511,494,494,1838948,zob
2014-02-15,484,519,484,514,1945519,zob
2014-02-16,527,537,527,537,753329,zob
2014-02-17,561,561,524,559,4332519,zob
2014-02-18,555,565,541,552,3324017,zob
2014-02-19,550,575,550,565,2450408,zob
2014-02-22,563,584,558,576,9741883,zob
2014-02-23,563,575,552,559,1588185,zob
2014-02-24,550,550,537,545,2831702,zob
2014-02-25,537,542,527,533,2282548,zob
2014-02-26,529,550,522,535,1527686,zob
2014-03-01,547,552,537,544,911279,zob
2014-03-02,537,537,524,528,888677,zob
2014-03-03,525,525,509,513,1083207,zob
2014-03-04,523,530,512,525,1388510,zob
2014-03-05,534,548,527,537,2211680,zob
2014-03-08,537,544,519,527,1124223,zob
2014-03-09,523,523,512,515,1296010,zob
2014-03-10,515,515,510,512,1433349,zob
2014-03-11,512,518,506,510,1305696,zob
2014-03-12,502,535,502,523,1859634,zob
2014-03-15,534,541,524,524,3145160,zob
2014-03-16,533,548,522,532,4506408,zob
2014-03-17,544,555,532,545,3759304,zob
2014-03-18,544,549,532,538,1792464,zob
2014-03-19,531,543,531,536,1667214,zob
2014-03-25,532,543,524,526,713679,zob
2014-03-26,538,538,524,525,523538,zob
2014-03-29,525,525,520,524,457478,zob
2014-03-30,536,536,526,531,535183,zob
2014-03-31,534,536,520,528,3377097,zob
2014-04-05,524,534,512,528,1323156,zob
2014-04-06,521,522,512,514,1931549,zob
2014-04-07,512,518,502,506,3390037,zob
2014-04-08,503,521,503,507,1972524,zob
2014-04-09,512,512,500,509,952097,zob
2014-04-12,512,518,505,511,1475007,zob
2014-04-13,511,513,489,499,2819463,zob
2014-04-14,496,499,481,489,2920732,zob
2014-04-15,493,514,486,514,2921723,zob
2014-04-16,523,524,510,510,2124527,zob
2014-04-19,512,512,493,494,944216,zob
2014-04-20,512,518,506,512,1942556,zob
2014-04-21,510,537,509,537,7646797,zob
2014-04-22,537,552,520,521,3974066,zob
2014-04-23,533,537,522,535,3598053,zob
2014-04-26,535,561,535,561,8025285,zob
2014-04-27,562,562,540,541,5046219,zob
2014-04-28,547,557,531,547,3978155,zob
2014-04-29,551,551,524,529,2846924,zob
2014-04-30,528,548,528,540,1629054,zob
2014-05-03,540,544,532,534,1404608,zob
2014-05-04,537,540,522,532,2692953,zob
2014-05-05,537,544,521,534,1938655,zob
2014-05-06,537,539,530,536,1866178,zob
2014-05-07,543,543,528,531,2382943,zob
2014-05-10,536,536,525,528,2227040,zob
2014-05-11,526,534,525,529,1194698,zob
2014-05-12,531,531,514,524,2618377,zob
2014-05-14,518,527,516,524,2652794,zob
2014-05-17,516,518,500,502,2503754,zob
2014-05-18,512,522,507,508,2232392,zob
2014-05-19,507,514,506,506,2781035,zob
2014-05-20,510,514,507,511,2325249,zob
2014-05-21,518,521,510,521,5852870,zob
2014-05-24,522,523,507,508,1277203,zob
2014-05-25,506,512,502,504,2176405,zob
2014-05-26,505,513,502,503,1593981,zob
2014-05-28,508,508,495,503,1268907,zob
2014-05-31,499,500,493,497,1832054,zob
2014-06-01,497,497,474,482,4805126,zob
2014-06-02,483,494,476,493,1455729,zob
2014-06-03,482,503,482,502,1300706,zob
2014-06-07,504,504,493,493,830394,zob
2014-06-08,489,499,489,495,1523371,zob
2014-06-09,487,495,486,493,779625,zob
2014-06-10,486,498,482,485,1728263,zob
2014-06-11,486,488,474,475,1050671,zob
2014-06-14,474,474,456,456,1801328,zob
2014-06-15,444,455,435,452,1991922,zob
2014-06-16,448,461,448,461,1319087,zob
2014-06-17,462,468,445,446,280860,zob
2014-06-18,455,461,442,450,667994,zob
2014-06-21,450,461,444,446,1491360,zob
2014-06-22,455,458,442,443,816465,zob
2014-06-23,452,452,437,438,371600,zob
2014-06-24,437,439,418,419,1709722,zob
2014-06-25,419,428,402,407,2037301,zob
2014-06-28,408,408,387,387,1200633,zob
2014-06-29,382,382,371,371,897700,zob
2014-06-30,358,378,353,365,2587749,zob
2014-07-01,367,374,358,374,770980,zob
2014-07-02,391,391,391,391,105033,zob
2014-07-05,410,410,410,410,277246,zob
2014-07-06,431,431,403,414,5110329,zob
2014-07-07,409,430,402,412,1823274,zob
2014-07-08,412,438,412,438,2526427,zob
2014-07-09,435,439,422,423,1729904,zob
2014-07-12,428,434,411,419,1581536,zob
2014-07-13,411,422,402,407,2368963,zob
2014-07-14,386,424,386,405,4696199,zob
2014-07-22,431,441,418,428,1319631,zob
2014-07-23,422,422,409,412,1071302,zob
2014-07-26,418,418,401,409,928716,zob
2014-07-27,411,416,405,411,1693293,zob
2014-07-28,403,416,403,410,956929,zob
2014-08-02,408,415,390,391,917712,zob
2014-08-03,394,399,388,389,591277,zob
2014-08-04,394,401,391,393,759373,zob
2014-08-05,388,390,381,389,1861782,zob
2014-08-06,384,392,378,391,633762,zob
2014-08-09,389,394,384,393,440276,zob
2014-08-10,394,394,375,378,720320,zob
2014-08-11,384,392,384,391,614910,zob
2014-08-12,386,388,383,386,532108,zob
2014-08-13,378,390,378,386,750986,zob
2014-08-16,384,385,381,384,363052,zob
2014-08-17,378,384,378,384,816046,zob
2014-08-18,388,388,379,384,408460,zob
2014-08-19,384,389,378,388,1038461,zob
2014-08-20,382,393,382,384,646524,zob
2014-08-23,390,390,381,381,893202,zob
2014-08-24,384,384,377,378,498780,zob
2014-08-25,378,381,376,379,252455,zob
2014-08-26,373,378,373,375,841084,zob
2014-08-27,371,373,366,370,1464527,zob
2014-08-30,360,373,360,364,808190,zob
2014-08-31,365,371,360,366,1253658,zob
2014-09-01,368,368,358,361,491380,zob
2014-09-02,365,365,356,357,830828,zob
2014-09-03,358,362,353,354,1019318,zob
2014-09-06,358,374,358,374,5698636,zob
2014-09-07,367,377,358,366,965162,zob
2014-09-08,373,377,358,362,1326358,zob
2014-09-09,362,371,359,361,18631361,zob
2014-09-10,359,363,353,358,1775414,zob
2014-09-13,358,358,340,344,808497,zob
2014-09-14,348,348,334,339,731846,zob
2014-09-15,335,345,335,340,872022,zob
2014-09-16,337,337,331,336,1267691,zob
2014-09-17,334,339,326,327,1481366,zob
2014-09-20,328,337,328,332,443653,zob
2014-09-21,335,337,326,330,1612728,zob
2014-09-22,333,333,326,329,1337600,zob
2014-09-23,333,333,326,327,523091,zob
2014-09-24,333,339,330,333,1336909,zob
2014-09-27,334,334,323,325,428299,zob
2014-09-28,324,333,324,333,816674,zob
2014-09-29,330,347,330,347,4913274,zob
2014-09-30,350,359,340,347,1666105,zob
2014-10-01,349,349,339,342,563062,zob
2014-10-04,348,348,341,343,584815,zob
2014-10-06,343,344,337,339,515367,zob
2014-10-07,343,343,328,332,2307571,zob
2014-10-08,327,333,327,330,953693,zob
2014-10-11,332,337,329,336,1151846,zob
2014-10-12,337,340,333,333,839144,zob
2014-10-14,333,338,333,337,944428,zob
2014-10-15,334,336,333,334,990838,zob
2014-10-18,333,337,333,334,941541,zob
2014-10-19,334,351,334,351,2984628,zob
2014-10-20,366,366,357,366,8145118,zob
2014-10-21,370,380,366,372,2923366,zob
2014-10-22,365,365,354,357,2545431,zob
2014-10-25,351,360,347,351,1098318,zob
2014-10-26,349,357,349,356,888425,zob
2014-10-27,354,370,354,363,1240012,zob
2014-10-28,357,365,348,352,977634,zob
2014-10-29,348,361,346,358,1161967,zob
2014-11-01,358,375,358,371,6277216,zob
2014-11-02,378,392,366,392,6854596,zob
2014-11-05,384,394,384,390,2377927,zob
2014-11-08,395,395,371,373,3530290,zob
2014-11-09,372,375,370,373,857160,zob
2014-11-10,373,385,373,380,2188228,zob
2014-11-11,375,382,371,372,1434153,zob
2014-11-12,372,380,370,372,1199336,zob
2014-11-15,371,371,353,353,1573216,zob
2014-11-16,357,365,355,358,1917483,zob
2014-11-17,360,361,352,357,1669957,zob
2014-11-18,351,358,340,340,2401408,zob
2014-11-19,340,351,339,341,1203644,zob
2014-11-22,339,344,333,336,2493453,zob
2014-11-23,339,348,336,338,3082602,zob
2014-11-24,346,356,343,347,3477641,zob
2014-11-25,331,341,331,331,1895956,zob
2014-11-26,326,339,326,335,1633648,zob
2014-11-29,339,340,320,324,2101165,zob
2014-11-30,325,332,313,321,1716581,zob
2014-12-01,320,322,306,317,870905,zob
2014-12-02,318,320,302,304,1583658,zob
2014-12-03,304,310,300,304,1736601,zob
2014-12-06,305,313,295,298,1554474,zob
2014-12-07,297,300,286,288,2400668,zob
2014-12-08,292,300,285,296,3573814,zob
2014-12-09,300,300,292,296,1291641,zob
2014-12-24,280,280,262,274,1369816,zob
2014-12-27,269,274,261,266,4786829,zob
2014-12-28,265,274,265,272,2173189,zob
2014-12-29,276,276,265,265,1343346,zob
2014-12-30,264,265,258,260,1165062,zob
2014-12-31,256,258,251,252,873780,zob
2015-01-03,254,262,249,249,694600,zob
2015-01-04,254,254,244,245,1162847,zob
2015-01-05,243,243,240,241,1163813,zob
2015-01-06,241,241,233,233,1199475,zob
2015-01-07,230,234,227,228,966870,zob
2015-01-10,225,227,218,218,1255766,zob
2015-01-11,217,217,208,215,1857296,zob
2015-01-12,215,221,215,221,1828545,zob
2015-01-13,225,225,210,210,3206579,zob
2015-01-14,213,214,205,206,1950658,zob
2015-01-17,209,218,209,218,3529934,zob
2015-01-18,223,223,209,214,1061961,zob
2015-01-19,213,216,205,209,882593,zob
2015-01-20,199,204,199,199,4082816,zob
2015-01-21,197,197,189,192,1109504,zob
2015-01-24,192,196,186,194,654378,zob
2015-01-25,192,200,188,188,830489,zob
2015-01-26,193,193,189,193,550697,zob
2015-01-27,193,201,193,201,848920,zob
2015-01-28,202,208,202,208,4119644,zob
2015-01-31,212,218,212,218,1050907,zob
2015-02-01,229,229,224,229,4689055,zob
2015-02-02,231,238,219,223,1393423,zob
2015-02-03,219,230,219,222,1019741,zob
2015-02-04,227,235,227,232,2185615,zob
2015-02-07,227,244,225,244,2759414,zob
2015-02-08,250,250,230,235,2839706,zob
2015-02-09,234,237,227,227,813369,zob
2015-02-10,226,226,217,222,1491316,zob
2015-02-14,220,230,219,224,557584,zob
2015-02-15,220,222,215,216,848693,zob
2015-02-16,219,222,213,215,594537,zob
2015-02-17,217,217,209,214,1266725,zob
2015-02-18,214,215,204,207,1081632,zob
2015-02-21,206,211,202,202,2484264,zob
2015-02-22,200,201,195,195,7005763,zob
2015-03-15,187,195,187,194,4022911,zob
2015-03-16,193,198,190,198,4381661,zob
2015-03-17,199,200,193,194,1244995,zob
2015-03-18,195,206,195,206,2185557,zob
2015-03-25,210,216,209,215,1909399,zob
2015-03-28,216,222,209,218,1417958,zob
2015-03-29,223,225,217,219,2603886,zob
2015-03-30,211,222,209,209,4163531,zob
2015-03-31,207,214,204,206,762314,zob
2015-04-04,219,219,219,219,23916,zob
2015-04-05,230,230,230,230,352317,zob
2015-04-06,239,239,219,221,5721574,zob
2015-04-07,216,227,216,216,2179957,zob
2015-04-08,214,225,214,218,1235714,zob
2015-04-11,217,218,208,209,1584166,zob
2015-04-12,207,207,200,201,1583743,zob
2015-04-13,202,207,195,206,1938501,zob
2015-04-14,209,209,203,203,1185828,zob
2015-04-15,207,207,199,201,1538593,zob
2015-04-18,196,212,196,212,5065925,zob
2015-04-19,218,218,218,218,700128,zob
2015-04-20,229,229,224,229,26105323,zob
2015-04-21,230,236,220,223,4265863,zob
2015-04-22,222,225,217,224,3721396,zob
2015-04-25,224,231,224,231,17938261,zob
2015-04-26,239,243,235,243,15905379,zob
2015-04-27,245,252,233,245,11038697,zob
2015-04-28,244,256,241,243,5277101,zob
2015-04-29,248,249,237,241,2994101,zob
2015-05-03,245,245,231,231,3277948,zob
2015-05-04,230,234,222,222,3369366,zob
2015-05-05,213,224,211,211,3384297,zob
2015-05-06,211,226,211,226,1778305,zob
2015-05-09,233,233,217,217,3835827,zob
2015-05-10,221,222,215,215,2513906,zob
2015-05-11,216,225,215,220,1502053,zob
2015-05-12,225,227,220,221,1172820,zob
2015-05-13,220,227,217,221,1190367,zob
2015-05-17,224,224,210,213,1419694,zob
2015-05-18,213,222,213,217,955829,zob
2015-05-19,219,223,215,215,1007216,zob
2015-05-20,217,222,216,216,1051483,zob
2015-05-23,217,230,216,230,6786463,zob
2015-05-24,238,240,234,240,7691292,zob
2015-06-08,245,256,244,252,21791052,zob
2015-06-09,256,261,243,245,9266735,zob
2015-06-10,247,252,240,249,4194321,zob
2015-06-13,252,255,247,250,3952862,zob
2015-06-14,248,254,241,242,2807684,zob
2015-06-15,244,247,237,242,1646439,zob
2015-06-16,240,255,240,254,4970161,zob
2015-06-17,256,264,254,263,13550573,zob
2015-06-20,265,272,261,263,4935219,zob
2015-06-21,264,271,256,264,3395374,zob
2015-06-22,265,278,264,278,10503635,zob
2015-06-23,288,291,288,291,24869331,zob
2015-06-24,293,303,288,292,15503655,zob
2015-06-27,293,306,292,293,11890770,zob
2015-06-28,290,294,284,284,3724313,zob
2015-06-29,275,292,271,287,12011697,zob
2015-06-30,292,293,286,293,9906027,zob
2015-07-01,296,302,290,298,10364169,zob
2015-07-04,304,310,301,307,11072497,zob
2015-07-05,306,306,290,290,13204486,zob
2015-07-06,289,294,280,283,12262456,zob
2015-07-07,285,294,285,286,11136774,zob
2015-07-11,275,282,275,279,14040354,zob
2015-07-12,279,284,270,272,11489511,zob
2015-07-13,284,288,276,277,9761509,zob
2015-07-14,282,289,268,283,11788837,zob
2015-07-15,281,281,266,268,5301680,zob
2015-07-27,252,257,243,246,4287087,zob
2015-07-28,249,258,243,254,5123982,zob
2015-07-29,258,262,256,260,12210098,zob
2015-08-01,262,268,256,258,3031582,zob
2015-08-02,256,258,250,251,4417441,zob
2015-08-03,255,256,244,246,3592543,zob
2015-08-04,245,258,243,254,6545052,zob
2015-08-05,257,261,252,256,4377094,zob
2015-08-08,269,269,269,269,653041,zob
2015-08-09,283,283,281,283,73042681,zob
2015-08-10,284,286,278,278,15512508,zob
2015-08-12,278,281,276,278,6777234,zob
2015-08-15,276,276,264,271,7450180,zob
2015-08-16,272,279,268,274,3591744,zob
2015-08-17,275,275,265,265,2419099,zob
2015-08-18,265,267,261,261,3671786,zob
2015-08-19,264,268,259,261,3683619,zob
2015-08-22,266,266,254,254,3293882,zob
2015-08-23,255,256,248,254,4127102,zob
2015-08-24,255,262,250,259,4043179,zob
2015-08-25,258,258,246,248,5460238,zob
2015-08-26,248,253,244,247,2668171,zob
2015-08-29,248,256,248,252,1907742,zob
2015-08-30,249,250,246,248,2281142,zob
2015-08-31,250,250,245,247,1181683,zob
2015-09-01,248,254,246,249,1683604,zob
2015-09-02,249,252,246,250,2268222,zob
2015-09-05,253,261,253,261,4557775,zob
2015-09-06,261,264,255,256,3225105,zob
2015-09-09,236,241,230,239,8344047,zob
2015-09-12,235,241,224,224,11738687,zob
2015-09-13,222,224,217,217,5310355,zob
2015-09-14,214,214,207,207,6677067,zob
2015-09-15,201,215,199,213,9156987,zob
2015-09-16,215,216,212,216,2071771,zob
2015-09-19,221,221,211,213,6746344,zob
2015-09-20,216,217,205,206,5315970,zob
2015-09-21,204,207,196,207,2764869,zob
2015-09-22,204,210,204,210,2053882,zob
2015-09-23,213,218,211,214,2316726,zob
2015-09-26,216,216,206,207,1875634,zob
2015-09-27,206,208,197,205,6197734,zob
2015-09-28,202,211,202,207,1886571,zob
2015-09-29,206,213,206,209,2415571,zob
2015-09-30,211,212,207,210,2453582,zob
2015-10-03,210,214,205,210,3829850,zob
2015-10-04,208,218,205,218,5449644,zob
2015-10-05,219,225,219,223,3878106,zob
2015-10-06,222,224,216,222,2857747,zob
2015-10-07,224,227,220,224,4702721,zob
2015-10-10,228,230,224,226,3277584,zob
2015-10-11,227,228,223,227,2668134,zob
2015-10-12,224,231,223,230,1561722,zob
2015-10-13,230,237,227,236,2220677,zob
2015-10-14,238,245,237,240,4567406,zob
2015-10-17,241,247,236,239,7156952,zob
2015-10-18,241,243,229,232,6969024,zob
2015-10-19,234,241,230,231,5199559,zob
2015-10-20,236,236,226,228,2600925,zob
2015-10-21,224,234,222,227,2099028,zob
2015-10-25,221,221,216,216,1622476,zob
2015-10-26,211,221,207,221,4661608,zob
2015-10-27,219,226,219,226,3868098,zob
2015-10-28,227,230,224,228,2344584,zob
2015-10-31,230,231,223,227,2270546,zob
2015-11-01,229,238,226,234,8291949,zob
2015-11-02,233,241,231,237,5255219,zob
2015-11-03,238,247,238,241,6966601,zob
2015-11-04,242,256,239,256,10045921,zob
2015-11-07,258,263,252,256,13516222,zob
2015-11-08,257,261,247,250,9130495,zob
2015-11-09,252,265,247,265,16086509,zob
2015-11-10,268,274,266,267,12622873,zob
2015-11-11,269,269,257,259,14836635,zob
2015-11-14,262,266,252,257,6149703,zob
2015-11-15,259,271,259,267,11372549,zob
2015-11-16,269,272,260,261,7783375,zob
2015-11-17,265,265,254,257,6604015,zob
2015-11-18,258,265,255,263,4140585,zob
2015-11-21,261,274,261,274,17138464,zob
2015-11-22,274,279,272,274,9402130,zob
2015-11-23,277,277,266,268,6462847,zob
2015-11-24,269,269,261,262,4397291,zob
2015-11-25,261,262,256,257,6029621,zob
2015-11-28,255,261,254,261,4435686,zob
2015-11-29,265,265,258,258,2989180,zob
2015-11-30,258,261,256,257,1614979,zob
2015-12-01,259,259,255,256,3614792,zob
2015-12-05,258,262,257,258,2727086,zob
2015-12-06,257,258,249,251,4399635,zob
2015-12-07,252,254,247,247,3886330,zob
2015-12-08,252,254,247,252,2453260,zob
2015-12-09,253,261,251,259,3814967,zob
2015-12-13,261,261,254,258,1997973,zob
2015-12-14,259,264,258,262,2452469,zob
2015-12-15,262,266,259,262,3020129,zob
2015-12-16,264,265,255,255,3003555,zob
2015-12-19,259,259,245,248,4323798,zob
2015-12-20,247,251,241,248,4085544,zob
2015-12-21,250,252,247,251,2256613,zob
2015-12-22,248,263,246,263,5347946,zob
2015-12-23,269,269,262,267,33012351,zob
2015-12-26,267,275,262,269,13208280,zob
2015-12-27,272,280,272,274,6628222,zob
2015-12-28,274,277,269,270,5719329,zob
2015-12-30,269,276,266,268,7406872,zob
2016-01-02,270,270,261,263,5065008,zob
2016-01-03,261,272,259,266,6746644,zob
2016-01-04,265,272,264,265,4185523,zob
2016-01-05,261,271,256,264,16260616,zob
2016-01-06,269,270,260,261,12114732,zob
2016-01-09,263,263,256,256,8813397,zob
2016-01-10,258,262,254,254,7500547,zob
2016-01-11,258,262,252,254,12979022,zob
2016-01-12,254,256,245,248,17364931,zob
2016-01-13,247,256,244,249,13424966,zob
2016-01-16,256,256,244,245,17400633,zob
2016-01-17,249,249,235,235,24315052,zob
2016-01-18,233,237,227,235,18873981,zob
2016-01-19,232,239,228,230,17020932,zob
2016-01-20,228,244,222,244,18559092,zob
2016-01-23,248,249,241,249,19705828,zob
2016-01-24,249,260,248,260,26763801,zob
2016-01-25,267,270,262,270,39859198,zob
2016-01-26,264,272,256,256,43429891,zob
2016-01-27,256,261,249,249,21366916,zob
2016-01-30,252,259,246,248,8196841,zob
2016-01-31,252,252,242,243,14139144,zob
2016-02-01,247,256,244,248,22958788,zob
2016-02-02,263,263,256,263,54029536,zob
2016-02-03,276,276,276,276,10389202,zob
2016-02-06,289,289,289,289,820927,zob
2016-02-07,304,304,304,304,1564618,zob
2016-02-08,319,319,319,319,1881475,zob
2016-02-09,334,334,322,334,52738459,zob
2016-02-10,348,351,339,344,57271641,zob
2016-02-13,367,367,367,367,401575,zob
2016-02-14,385,385,385,385,14977147,zob
2016-02-15,405,405,394,405,155762410,zob
2016-02-16,412,423,404,414,90050264,zob
2016-02-17,416,427,404,408,44997262,zob
2016-02-20,417,435,400,417,53948801,zob
2016-02-21,425,447,407,447,38311558,zob
2016-02-22,456,456,441,456,61682934,zob
2016-02-23,456,471,435,448,48503638,zob
2016-02-24,450,458,436,436,22819493,zob
2016-03-09,343,343,315,319,75057357,zob
2016-03-16,312,312,312,312,1463477,zob
2016-03-26,297,328,297,328,33708168,zob
2016-03-27,327,329,317,329,23528952,zob
2016-03-28,333,339,322,329,17142740,zob
2016-03-29,326,331,317,317,17493967,zob
2016-03-30,316,333,311,327,26857608,zob
2016-04-02,332,341,326,331,18637940,zob
2016-04-03,336,337,320,327,13025003,zob
2016-04-04,341,343,336,343,75552788,zob
2016-04-05,345,350,331,334,26049791,zob
2016-04-06,337,354,331,344,53971431,zob
2016-04-09,345,363,343,358,54297072,zob
2016-04-10,362,370,349,349,35529419,zob
2016-04-11,354,354,340,344,19905859,zob
2016-04-12,338,344,327,327,25913149,zob
2016-04-13,321,325,317,317,9500705,zob
2016-04-16,310,316,303,303,7947781,zob
2016-04-17,290,303,290,301,48761924,zob
2016-04-18,309,309,309,309,3612825,zob
2016-04-19,324,324,310,324,40570081,zob
2016-04-20,331,339,327,339,40300367,zob
2016-04-23,336,340,324,325,12404982,zob
2016-04-24,320,339,320,336,18554260,zob
2016-04-25,339,345,336,341,37686390,zob
2016-04-26,345,361,338,361,73721764,zob
2016-04-27,365,370,350,353,46757531,zob
2016-04-30,358,365,343,347,27584132,zob
2016-05-01,347,354,337,337,30745412,zob
2016-05-02,339,356,330,356,63818471,zob
2016-05-03,359,365,352,352,25394675,zob
2016-05-04,358,360,348,351,11202384,zob
2016-05-07,352,360,340,345,17044481,zob
2016-05-08,341,349,337,337,12431429,zob
2016-05-09,341,347,333,339,8399740,zob
2016-05-10,344,357,326,357,44756692,zob
2016-05-11,364,364,349,364,132353476,zob
2016-05-14,378,380,376,380,81650926,zob
2016-05-15,398,398,388,393,153791361,zob
2016-05-16,388,402,378,380,71317068,zob
2016-05-17,384,409,384,407,125509368,zob
2016-05-18,403,411,392,400,40928333,zob
2016-05-21,404,415,399,404,20210871,zob
2016-05-23,403,412,400,404,24520330,zob
2016-05-24,407,407,391,393,19615286,zob
2016-05-25,393,402,381,384,26385606,zob
2016-05-28,382,403,382,392,22615665,zob
2016-05-29,397,406,387,389,12716862,zob
2016-05-30,399,412,392,400,37043211,zob
2016-05-31,403,405,391,392,10497790,zob
2016-06-01,392,398,390,395,12688139,zob
2016-06-05,403,407,397,397,16579541,zob
2016-06-06,397,400,386,386,20285409,zob
2016-06-07,388,402,386,391,31961740,zob
2016-06-08,391,394,382,385,18429832,zob
2016-06-11,384,384,366,366,16580782,zob
2016-06-12,357,359,350,350,47499748,zob
2016-06-13,357,360,339,345,17417828,zob
2016-06-18,345,352,334,334,11277903,zob
2016-06-19,339,343,323,323,8782078,zob
2016-06-20,318,323,314,314,35025960,zob
2016-06-21,314,331,307,331,23251354,zob
2016-06-22,331,338,326,338,9818337,zob
2016-06-25,333,338,319,319,16971117,zob
2016-06-26,313,339,311,339,31262335,zob
2016-06-28,347,347,345,347,6490954,zob
2016-06-29,348,363,337,345,35388367,zob
2016-07-02,352,361,341,341,13069035,zob
2016-07-03,345,356,341,345,10635615,zob
2016-07-04,344,357,339,347,15194202,zob
2016-07-05,353,358,346,351,11317876,zob
2016-07-09,349,349,335,335,8223166,zob
2016-07-10,330,337,321,323,17567984,zob
2016-07-11,317,324,309,316,22448688,zob
2016-07-12,313,325,307,310,16098324,zob
2016-07-13,314,319,306,317,10617933,zob
2016-07-16,313,326,313,318,9570251,zob
2016-07-17,321,328,313,313,15604523,zob
2016-07-18,316,317,308,308,12560321,zob
2016-07-25,325,330,312,316,15015817,zob
2016-07-26,317,319,312,314,7908826,zob
2016-07-27,315,325,313,315,11072378,zob
2016-07-31,319,320,310,311,7984556,zob
2016-08-01,313,318,309,311,7591439,zob
2016-08-02,315,328,313,328,23859861,zob
2016-08-03,323,333,317,318,17367569,zob
2016-08-06,320,338,316,326,45663559,zob
2016-08-07,338,345,330,331,14164141,zob
2016-08-08,331,334,323,329,10027786,zob
2016-08-09,326,341,326,338,15249461,zob
2016-08-10,340,345,336,337,10382540,zob
2016-08-13,335,341,329,338,11052779,zob
2016-08-14,340,341,330,331,8905363,zob
2016-08-15,330,339,328,332,12354320,zob
2016-08-16,331,344,330,336,25494035,zob
2016-08-17,339,339,329,330,15714430,zob
2016-08-20,331,336,325,326,8034435,zob
2016-08-21,325,333,322,323,20789910,zob
2016-08-22,326,331,323,323,8699177,zob
2016-08-23,324,329,321,322,3837303,zob
2016-08-24,321,325,319,320,6421171,zob
2016-08-27,337,337,334,337,37610404,zob
2016-08-28,340,343,328,329,19422685,zob
2016-08-29,327,333,327,328,6417214,zob
2016-08-30,330,330,320,324,4760037,zob
2016-08-31,323,325,316,318,7091202,zob
2016-09-03,318,326,314,317,4269997,zob
2016-09-04,320,320,313,315,5660738,zob
2016-09-05,314,318,313,316,5219588,zob
2016-09-06,317,324,316,317,9922375,zob
2016-09-07,320,323,313,315,7915212,zob
2016-09-10,313,316,310,311,6041822,zob
2016-09-11,311,313,309,310,7125979,zob
2016-09-13,309,312,298,303,12192585,zob
2016-09-14,302,317,299,313,14567013,zob
2016-09-17,318,327,317,327,18206655,zob
2016-09-18,330,336,327,329,14096453,zob
2016-09-19,331,337,326,329,10750102,zob
2016-09-21,334,347,331,339,60649576,zob
2016-09-24,341,354,338,338,23875167,zob
2016-09-25,338,343,333,336,15766937,zob
2016-09-26,337,344,336,339,11825536,zob
2016-09-27,342,345,338,340,13174418,zob
2016-09-28,343,355,339,353,21159296,zob
2016-10-01,357,361,348,350,13068934,zob
2016-10-02,352,352,344,346,10729110,zob
2016-10-03,349,352,343,345,13087483,zob
2016-10-04,345,349,339,339,13777850,zob
2016-10-05,345,345,337,338,10682087,zob
2016-10-08,337,351,337,347,15723285,zob
2016-10-09,347,354,346,352,12070713,zob
2016-10-10,353,363,349,361,19915759,zob
2016-10-15,364,365,351,354,10426190,zob
2016-10-16,354,357,345,345,9390411,zob
2016-10-17,349,358,347,354,13961177,zob
2016-10-18,354,358,351,351,5715503,zob
2016-10-19,358,358,349,351,7710776,zob
2016-10-22,352,352,341,343,11040265,zob
2016-10-23,345,358,343,354,16095672,zob
2016-10-24,356,356,347,351,7997255,zob
2016-10-25,352,370,352,370,35381353,zob
2016-10-26,382,384,372,376,60152214,zob
2016-10-29,383,392,375,376,26055632,zob
2016-10-30,377,377,366,369,15371969,zob
2016-10-31,367,372,363,365,15081992,zob
2016-11-01,365,376,365,367,10929534,zob
2016-11-02,370,371,363,365,32010580,zob
2016-11-05,373,379,365,366,19386026,zob
2016-11-06,366,370,353,353,21542289,zob
2016-11-07,349,357,347,352,12219054,zob
2016-11-08,353,363,353,360,11406902,zob
2016-11-09,341,351,340,348,24547174,zob
2016-11-12,352,359,349,350,19369783,zob
2016-11-13,351,358,349,351,8565864,zob
2016-11-14,351,353,347,352,9884573,zob
2016-11-15,356,365,352,364,21177529,zob
2016-11-16,365,372,360,362,21635202,zob
2016-11-19,357,359,353,353,9946533,zob
2016-11-21,358,358,350,352,6661333,zob
2016-11-22,356,368,353,358,11006063,zob
2016-11-23,365,365,356,358,8708871,zob
2016-11-26,359,363,356,356,6614120,zob
2016-11-27,362,362,354,356,3325951,zob
2016-11-29,356,356,349,351,8423401,zob
2016-12-03,349,349,336,344,10639583,zob
2016-12-04,349,352,343,344,11066533,zob
2016-12-05,339,346,335,339,9750906,zob
2016-12-06,341,345,336,337,7996090,zob
2016-12-07,340,343,338,338,7993748,zob
2016-12-10,341,347,337,337,8492579,zob
2016-12-11,343,343,333,335,4744851,zob
2016-12-12,338,338,328,333,7501811,zob
2016-12-13,331,333,322,323,7383323,zob
2016-12-14,326,343,324,343,25827975,zob
2016-12-18,346,352,341,343,13039764,zob
2016-12-19,345,347,337,338,6424139,zob
2016-12-20,339,340,329,329,6518037,zob
2016-12-21,333,346,333,340,6267270,zob
2016-12-24,344,348,334,339,5277607,zob
2016-12-25,339,344,336,338,7819390,zob
2016-12-26,344,345,336,340,5288837,zob
2016-12-27,337,340,329,331,5629839,zob
2016-12-28,339,345,339,345,10482951,zob
2016-12-31,344,347,340,340,5499665,zob
2017-01-01,340,341,337,338,3154420,zob
2017-01-02,337,341,333,335,5340247,zob
2017-01-03,340,341,333,337,4821743,zob
2017-01-04,337,343,335,338,9454316,zob
2017-01-07,340,345,340,341,11356300,zob
2017-01-08,345,360,342,360,21424344,zob
2017-01-09,358,363,352,357,12045592,zob
2017-01-11,358,358,347,351,7816806,zob
2017-04-15,467,513,459,462,573584004,zob
2017-04-16,467,467,452,452,61597201,zob
2017-04-17,432,472,432,465,340623482,zob
2017-04-18,464,472,453,463,155367253,zob
2017-04-19,469,469,447,449,130770151,zob
2017-04-22,453,462,445,447,112438121,zob
2017-04-23,449,449,434,435,101303547,zob
2017-04-24,440,447,433,442,44972690,zob
2017-04-26,443,443,433,434,66364869,zob
2017-04-29,437,437,424,430,86381496,zob
2017-04-30,431,450,425,450,62376274,zob
2017-05-01,460,464,445,447,79413650,zob
2017-05-02,452,452,434,435,55766294,zob
2017-05-03,442,448,432,442,45820412,zob
2017-05-06,444,446,434,440,51622027,zob
2017-05-07,447,453,437,442,50460825,zob
2017-05-08,445,445,435,436,40296626,zob
2017-05-09,438,445,432,437,48911278,zob
2017-05-10,442,446,438,440,36187374,zob
2017-05-13,441,442,432,435,42110841,zob
2017-05-14,436,438,427,429,35889883,zob
2017-05-15,431,433,426,431,26371879,zob
2017-05-16,431,437,428,430,28363379,zob
2017-05-17,433,434,429,431,38043355,zob
2017-05-20,438,443,432,435,41168350,zob
2017-05-21,435,435,428,429,31985042,zob
2017-05-22,432,447,430,436,48360105,zob
2017-05-23,440,440,434,435,23536746,zob
2017-05-24,436,443,435,440,38071426,zob
2017-05-27,441,442,434,435,36687312,zob
2017-05-28,434,439,426,426,46564360,zob
2017-05-29,429,434,426,429,23255478,zob
2017-05-30,429,431,419,422,40164523,zob
2017-05-31,427,430,419,420,30641650,zob
2017-06-03,422,424,412,415,37471692,zob
2017-06-06,416,416,402,404,44023488,zob
2017-06-07,399,407,387,393,76674854,zob
2017-06-10,399,400,388,388,23172981,zob
2017-06-11,391,391,376,381,37961428,zob
2017-06-12,382,382,370,371,26228674,zob
2017-06-13,372,392,365,392,52272177,zob
2017-06-14,397,401,390,401,26625118,zob
2017-06-17,414,414,399,401,35170751,zob
2017-06-18,401,401,386,387,19602800,zob
2017-06-19,388,388,378,381,15590305,zob
2017-06-20,379,393,378,381,16391645,zob
2017-06-21,387,387,380,380,22412152,zob
2017-06-24,379,392,379,384,21700668,zob
2017-06-25,387,393,385,386,23129859,zob
2017-06-28,386,391,378,381,24433105,zob
2017-07-01,381,387,378,381,15661215,zob
2017-07-02,380,381,371,373,21705474,zob
2017-07-03,376,392,368,380,41783637,zob
2017-07-04,383,384,373,373,20344812,zob
2017-07-05,376,381,372,379,25656175,zob
2017-07-08,378,378,370,372,23945748,zob
2017-07-09,371,378,370,371,28299890,zob
2017-07-10,378,391,378,391,90623663,zob
2017-07-11,395,400,384,385,26317311,zob
2017-07-12,388,405,388,404,92549507,zob
2017-07-15,406,415,406,413,75921183,zob
2017-07-16,415,423,410,420,132199041,zob
2017-08-01,437,437,416,421,115443940,zob
2017-08-02,418,429,413,425,66146583,zob
2017-08-06,423,429,416,416,24420335,zob
2017-08-07,418,419,405,415,46704434,zob
2017-08-08,419,431,412,431,68674503,zob
2017-08-09,438,443,432,434,55873905,zob
2017-08-12,434,442,426,432,42768861,zob
2017-08-13,428,435,422,424,22553879,zob
2017-08-14,426,431,421,425,26035259,zob
2017-08-15,422,432,422,426,36347309,zob
2017-08-16,427,440,424,437,52456539,zob
2017-08-19,438,447,435,443,47966010,zob
2017-08-20,443,448,436,442,34313335,zob
2017-08-21,442,454,442,450,48397702,zob
2017-08-22,453,458,445,446,34111708,zob
2017-08-23,448,452,445,450,57104304,zob
2017-08-26,453,458,449,454,43990692,zob
2017-08-27,455,456,448,448,34532536,zob
2017-08-28,450,473,447,473,116621066,zob
2017-08-29,476,485,474,485,96947889,zob
2017-08-30,502,507,490,493,204196613,zob
2017-09-02,488,518,488,495,55164329,zob
2017-09-03,501,506,488,488,46109233,zob
2017-09-04,488,491,476,484,41349004,zob
2017-09-05,486,500,473,475,69255535,zob
2017-09-06,480,483,468,472,30456181,zob
2017-09-10,464,475,454,457,44792649,zob
2017-09-11,454,463,450,456,23390394,zob
2017-09-12,459,478,454,477,46498618,zob
2017-09-13,480,490,478,479,39887815,zob
2017-09-16,486,487,475,480,23357793,zob
2017-09-17,477,486,477,480,29749413,zob
2017-09-18,483,496,481,492,32459466,zob
2017-09-19,494,511,494,500,51969358,zob
2017-09-20,502,502,486,490,23373182,zob
2017-09-27,505,509,494,496,54990958,zob
2017-10-02,490,490,478,478,87064304,zob
2017-10-03,469,473,456,459,49391784,zob
2017-10-04,460,475,460,466,45907326,zob
2017-10-07,468,468,445,445,33181570,zob
2017-10-08,445,445,426,427,60093715,zob
2017-10-09,432,446,425,438,33751536,zob
2017-10-10,435,441,431,433,16005474,zob
2017-10-11,431,437,424,434,21871324,zob
2017-10-14,437,448,431,435,75769947,zob
2017-10-15,433,437,426,427,37220358,zob
2017-10-16,427,440,427,433,23347008,zob
2017-10-17,431,436,429,431,31299096,zob
2017-10-18,435,443,432,439,38925304,zob
2017-10-21,445,459,445,459,93485669,zob
2017-10-22,463,474,454,457,44805113,zob
2017-10-23,461,463,447,447,32773258,zob
2017-10-24,455,455,447,448,18312780,zob
2017-10-25,447,458,447,449,23087897,zob
2017-10-28,449,453,439,441,30637363,zob
2017-10-29,443,445,432,433,37296446,zob
2017-10-30,429,434,424,432,42860546,zob
2017-10-31,434,445,432,436,33384787,zob
2017-11-01,438,442,431,434,30736823,zob
2017-11-04,429,432,422,425,59446189,zob
2017-11-05,432,433,425,428,85987266,zob
2017-11-06,428,431,424,426,28411048,zob
2017-11-07,424,425,416,420,36057566,zob
2017-11-08,421,428,414,422,25292458,zob
2017-11-11,426,429,420,421,24458505,zob
2017-11-12,425,428,418,419,20887745,zob
2017-11-13,419,427,419,421,22325392,zob
2017-11-14,426,428,420,420,15573148,zob
2017-11-15,421,424,419,420,18646830,zob
2017-11-18,424,424,413,417,23838449,zob
2017-11-20,419,424,413,414,20112350,zob
2017-11-21,415,421,412,415,28165401,zob
2017-11-22,412,429,412,425,34386568,zob
2017-11-25,427,442,427,442,89986702,zob
2017-11-26,445,455,438,439,37915150,zob
2017-11-28,433,445,429,431,43768829,zob
2017-11-29,430,436,426,428,22969307,zob
2017-12-02,427,436,425,425,27248738,zob
2017-12-03,434,442,426,428,28570589,zob
2017-12-04,427,432,425,426,18888208,zob
2017-12-05,425,432,424,424,25210033,zob
2017-12-09,429,430,421,421,25985225,zob
2017-12-10,424,429,421,423,23034855,zob
2017-12-11,426,444,422,444,222689205,zob
2017-12-12,463,463,463,463,8644348,zob
2017-12-13,486,486,466,486,460750068,zob
2017-12-16,491,493,475,481,98182210,zob
2017-12-17,481,504,481,491,103780552,zob
2017-12-18,493,517,493,517,161861470,zob
2017-12-19,523,530,510,518,114686578,zob
2017-12-20,519,524,506,518,95349550,zob
2017-12-23,523,523,489,489,163975253,zob
2017-12-24,484,485,474,474,84392877,zob
2017-12-25,465,488,465,472,92171126,zob
2017-12-26,476,481,458,462,68587260,zob
2017-12-27,464,464,455,457,48138975,zob
2017-12-30,448,448,436,438,87084516,zob
2017-12-31,432,436,418,428,139126060,zob
2018-01-01,428,444,427,444,23514532,zob
2018-01-02,454,461,448,454,131462184,zob
2018-01-03,458,458,441,455,37044034,zob
2018-01-06,445,457,445,448,17976077,zob
2018-01-07,453,472,451,472,135215311,zob
2018-01-08,480,487,470,474,76116882,zob
2018-01-09,467,474,459,459,38752476,zob
2018-01-10,459,481,453,468,53790431,zob
2018-01-13,469,484,464,466,32792384,zob
2018-01-14,469,471,460,461,31409066,zob
2018-01-15,463,470,454,456,33167868,zob
2018-01-16,463,463,447,454,37223533,zob
2018-01-17,460,468,453,454,45404494,zob
2018-01-20,461,461,446,447,42601876,zob
2018-01-21,444,457,440,447,29153177,zob
2018-01-22,448,465,448,453,31094216,zob
2018-01-23,455,463,450,453,18851713,zob
2018-01-24,454,454,448,449,33268477,zob
2018-01-27,452,452,443,447,27801764,zob
2018-01-28,450,450,443,447,21148428,zob
2018-01-29,448,453,445,448,29553941,zob
2018-01-30,449,456,446,447,20760117,zob
2018-02-10,463,465,444,459,24650102,zob
2018-02-12,462,463,453,459,37995165,zob
2018-02-13,459,477,456,471,47767559,zob
2018-02-14,470,474,454,458,45718468,zob
2018-02-17,463,484,453,484,263729650,zob
2018-02-18,486,486,463,465,60879708,zob
2018-02-19,466,466,454,459,28277404,zob
2018-02-21,453,453,447,452,39304056,zob
2018-02-24,455,470,449,460,33467304,zob
2018-02-25,459,463,456,456,20174322,zob
2018-02-26,455,461,453,454,23066823,zob
2018-02-27,456,460,454,456,26803740,zob
2018-02-28,456,459,451,452,40936922,zob
2018-03-03,453,455,445,447,44093795,zob
2018-03-04,446,460,446,453,26356917,zob
2018-03-05,453,460,449,454,25788035,zob
2018-03-06,453,474,453,469,80311216,zob
2018-03-07,474,475,456,461,75382503,zob
2018-03-10,457,463,447,449,33635527,zob
2018-03-11,452,452,439,441,38335119,zob
2018-03-12,440,448,440,443,15472714,zob
2018-03-13,441,448,435,437,31046807,zob
2018-03-14,440,442,437,439,23873121,zob
2018-03-17,436,447,435,437,25113940,zob
2018-03-18,437,447,437,445,73609145,zob
2018-03-19,445,457,445,453,15860386,zob
2018-03-25,452,455,448,452,5837478,zob
2018-03-26,449,452,445,450,14106556,zob
2018-03-27,448,453,445,446,9313941,zob
2018-03-28,445,454,445,452,12293402,zob
2018-04-03,459,471,459,463,34709978,zob
2018-04-04,464,464,456,458,11929407,zob
2018-04-07,461,461,446,448,13134057,zob
2018-04-08,443,452,437,443,35401278,zob
2018-04-09,438,447,438,446,35719841,zob
2018-04-10,443,444,438,439,21208380,zob
2018-04-11,439,445,422,424,89727405,zob
2018-04-15,426,434,407,410,99669287,zob
2018-04-16,405,416,398,411,24048235,zob
2018-04-17,407,417,399,405,31216403,zob
2018-04-18,406,411,401,406,68261062,zob
2018-04-21,402,410,397,397,33553554,zob
2018-04-22,398,402,387,391,32437622,zob
2018-04-23,388,394,384,391,37192175,zob
2018-04-24,390,406,387,405,41439376,zob
2018-04-25,405,410,399,400,20033847,zob
2018-04-28,392,396,384,385,47112613,zob
2018-04-29,379,388,372,377,29525254,zob
2018-04-30,371,382,371,375,27699024,zob
2018-05-01,376,388,373,380,19172409,zob
2018-05-05,380,387,376,378,16920577,zob
2018-05-06,382,391,373,381,30339726,zob
2018-05-07,379,394,379,391,22110058,zob
2018-05-08,394,401,388,394,22549716,zob
2018-05-09,393,393,374,380,64427325,zob
2018-05-12,379,391,379,391,22846528,zob
2018-05-13,389,405,388,405,57054541,zob
2018-05-14,409,424,409,424,82445489,zob
2018-05-15,423,433,410,411,39056036,zob
2018-05-16,408,416,408,410,31227888,zob
2018-05-19,410,426,409,416,34218258,zob
2018-05-20,422,429,416,419,40001652,zob
2018-05-21,425,425,413,419,21648759,zob
2018-05-22,412,420,407,416,28523980,zob
2018-05-23,413,432,413,432,63857163,zob
2018-05-26,451,451,451,451,22247260,zob
2018-05-27,458,469,450,452,148851975,zob
2018-05-28,453,454,438,440,49555665,zob
2018-05-29,437,453,435,448,13928042,zob
2018-05-30,460,480,453,458,64647803,zob
2018-06-02,455,472,454,459,46720049,zob
2018-06-03,455,459,450,454,27210142,zob
2018-06-09,452,459,438,439,26946321,zob
2018-06-10,442,466,439,466,341248879,zob
2018-06-11,470,481,468,481,280469356,zob
2018-06-12,496,502,487,496,196687666,zob
2018-06-13,524,550,524,550,30768075,zob
2018-06-17,570,570,570,570,136360041,zob
2018-06-18,598,598,573,588,535811916,zob
2018-06-19,584,624,572,624,189704566,zob
2018-06-20,638,638,638,638,22593705,zob
2018-06-23,670,670,670,670,7584103,zob
2018-06-24,703,739,703,739,15094736,zob
2018-06-25,773,773,761,773,574545854,zob
2018-06-26,755,769,735,735,405199357,zob
2018-06-27,703,723,668,695,387411287,zob
2018-06-30,713,713,691,699,286144749,zob
2018-07-01,696,697,674,674,142379039,zob
2018-07-02,674,707,643,685,205774402,zob
2018-07-03,693,708,688,708,171403925,zob
2018-07-04,729,741,691,701,197152408,zob
2018-07-07,696,719,684,688,152784831,zob
2018-07-08,675,695,675,679,49281732,zob
2018-07-10,675,712,674,680,60546041,zob
2018-07-11,677,695,653,664,140284393,zob
2018-07-24,648,672,636,641,62740295,zob
2018-07-25,655,688,639,688,97354908,zob
2018-07-28,699,699,699,699,12303960,zob
2018-07-29,733,733,713,733,263820087,zob
2018-07-30,752,768,744,768,90657501,zob
2018-07-31,800,800,800,800,1790240,zob
2018-08-01,840,882,798,815,354953613,zob
2018-08-04,804,847,783,785,178647108,zob
2018-08-05,836,852,828,852,296942195,zob
2018-08-06,893,893,890,893,211243246,zob
2018-08-07,901,938,889,938,403518816,zob
2018-08-08,944,966,897,955,206162262,zob
2018-08-11,965,983,951,982,110750314,zob
2018-08-12,984,1020,935,967,168560730,zob
2018-08-13,960,960,927,927,169195229,zob
2018-08-14,901,968,894,916,262984858,zob
2018-08-15,918,935,901,909,181000464,zob
2018-08-18,901,909,870,896,125814173,zob
2018-08-19,928,931,912,931,173980189,zob
2018-08-20,966,977,955,977,138640294,zob
2018-08-21,972,1004,933,985,143090350,zob
2018-08-25,992,1017,959,965,88109954,zob
2018-08-26,962,1025,939,1018,152876467,zob
2018-08-27,1024,1046,1020,1046,144486646,zob
2018-08-28,1068,1078,991,1033,199643971,zob
2018-08-29,1047,1064,1025,1048,83278793,zob
2018-09-01,1030,1055,1003,1009,83511373,zob
2018-09-02,1004,1009,971,971,203601072,zob
2018-09-03,982,1023,961,1023,112132575,zob
2018-09-04,1041,1057,1026,1036,96042196,zob
2018-09-05,1052,1054,1022,1047,80737308,zob
2018-09-08,1052,1089,1044,1089,107292688,zob
2018-09-09,1134,1134,1128,1134,34682285,zob
2018-09-10,1191,1191,1176,1191,76919068,zob
2018-09-11,1250,1250,1199,1250,166669441,zob
2018-09-12,1299,1364,1299,1364,39638814,zob
2018-09-15,1431,1431,1312,1338,239880651,zob
2018-09-16,1354,1381,1317,1367,163197500,zob
2018-09-17,1401,1409,1343,1347,182774412,zob
2018-09-18,1374,1392,1323,1383,109756130,zob
2018-09-22,1376,1419,1370,1386,96652302,zob
2018-09-23,1413,1465,1413,1465,68138908,zob
2018-09-24,1534,1534,1534,1534,37935833,zob
2018-09-25,1610,1610,1610,1610,22150017,zob
2018-09-26,1691,1691,1691,1691,17922166,zob
2018-09-29,1775,1863,1775,1861,224506199,zob
2018-09-30,1949,1949,1949,1949,41402282,zob
2018-10-01,2046,2046,2046,2046,6950834,zob
2018-10-06,2148,2148,2040,2040,72851064,zob
2018-10-07,1991,1991,1991,1991,44613632,zob
2018-10-08,1892,1892,1892,1892,13858218,zob
2018-10-09,1798,1952,1798,1798,1658378917,zob
2018-10-10,1739,1775,1739,1739,173355536,zob
2018-10-13,1654,1654,1654,1654,1808016,zob
2018-10-14,1571,1571,1493,1493,442664807,zob
2018-10-15,1538,1569,1521,1569,185562457,zob
2018-10-16,1617,1618,1486,1530,202330861,zob
2018-10-17,1478,1502,1478,1478,185289021,zob
2018-10-20,1511,1554,1511,1554,118099958,zob
2018-10-21,1597,1597,1548,1552,107275040,zob
2018-10-22,1548,1548,1486,1486,119898436,zob
2018-10-23,1505,1505,1418,1418,43105749,zob
2018-10-24,1361,1361,1361,1361,11628668,zob
2018-10-27,1293,1293,1293,1293,15833748,zob
2018-10-28,1228,1228,1228,1228,4749892,zob
2018-10-29,1289,1351,1227,1321,323794622,zob
2018-10-31,1343,1356,1292,1356,84173440,zob
2018-11-03,1376,1408,1333,1351,84836153,zob
2018-11-04,1360,1397,1302,1302,101763615,zob
2018-11-05,1302,1380,1284,1371,68609308,zob
2018-11-06,1349,1414,1349,1414,161712364,zob
2018-11-10,1457,1483,1426,1483,125489306,zob
2018-11-11,1532,1544,1505,1544,160214447,zob
2018-11-12,1616,1616,1591,1592,17618250,zob
2018-11-13,1695,1753,1610,1610,166174232,zob
2018-11-14,1584,1584,1584,1584,69162622,zob
2018-11-17,1506,1548,1506,1506,149422088,zob
2018-11-18,1511,1553,1435,1437,164153877,zob
2018-11-19,1450,1490,1403,1450,73132915,zob
2018-11-20,1447,1500,1419,1451,133690747,zob
2018-12-02,1638,1639,1557,1613,277032543,zob
2018-12-03,1638,1657,1611,1657,153175000,zob
2018-12-04,1736,1736,1660,1736,218034863,zob
2018-12-05,1781,1810,1748,1810,191478485,zob
2018-12-08,1885,1892,1825,1892,83909648,zob
2018-12-09,1978,1978,1820,1923,331034933,zob
2018-12-10,1983,2082,1956,2082,255638040,zob
2018-12-12,2070,2136,2001,2088,371784583,zob
2018-12-15,2092,2145,1987,1987,213913381,zob
2018-12-16,1950,2030,1931,1931,55421939,zob
2018-12-17,1857,1927,1857,1857,112600655,zob
2018-12-18,1855,1935,1801,1921,298628,zob
2018-12-19,1934,1934,1830,1868,1036963,zob
2018-12-22,1860,1898,1785,1825,2701639,zob
2018-12-23,1830,1909,1786,1881,494936,zob
2018-12-24,1900,1945,1880,1926,1432055,zob
2018-12-25,1950,1953,1890,1896,1382948,zob
2018-12-26,1920,1920,1856,1875,564570,zob
2018-12-29,1895,1898,1830,1836,722255,zob
2018-12-30,1835,1888,1795,1845,1717481,zob
2018-12-31,1901,1901,1847,1850,60828564,zob
2019-01-01,1856,1856,1799,1799,106846429,zob
2019-01-02,1790,1795,1723,1725,146432861,zob
2019-01-05,1680,1731,1650,1650,116289989,zob
2019-01-06,1632,1743,1590,1743,182413126,zob
2019-01-07,1750,1790,1725,1750,92738896,zob
2019-01-08,1770,1770,1693,1710,75451295,zob
2019-01-09,1778,1866,1690,1728,79587417,zob
2019-01-12,1706,1706,1660,1660,172881087,zob
2019-01-13,1621,1661,1591,1628,143334982,zob
2019-01-14,1620,1645,1575,1589,109869919,zob
2019-01-15,1580,1622,1550,1586,125967848,zob
2019-01-16,1590,1619,1585,1595,66545717,zob
2019-01-19,1612,1612,1556,1560,67675669,zob
2019-01-20,1560,1560,1501,1534,99410646,zob
2019-01-21,1591,1591,1510,1591,203193863,zob
2019-01-22,1599,1620,1551,1567,82653402,zob
2019-01-23,1559,1561,1520,1530,67632310,zob
2019-01-26,1530,1530,1457,1464,144011197,zob
2019-01-27,1452,1509,1443,1454,84698709,zob
2019-01-28,1460,1469,1402,1406,90547315,zob
2019-01-29,1420,1489,1353,1433,317461808,zob
2019-01-30,1441,1441,1369,1371,191121766,zob
2019-02-02,1350,1357,1318,1318,93095235,zob
2019-02-03,1290,1310,1260,1278,269460487,zob
2019-02-04,1292,1334,1292,1334,85786971,zob
2019-02-05,1391,1391,1354,1391,245735040,zob
2019-02-06,1430,1449,1385,1388,217326972,zob
2019-02-10,1380,1380,1346,1346,140337882,zob
2019-02-12,1325,1345,1289,1299,127297929,zob
2019-02-13,1300,1368,1300,1368,216305953,zob
2019-02-16,1375,1418,1370,1382,120587927,zob
2019-02-17,1370,1389,1330,1341,102257259,zob
2019-02-18,1390,1440,1351,1364,70507459,zob
2019-02-19,1376,1413,1353,1384,110738188,zob
2019-02-20,1394,1456,1382,1456,237525400,zob
2019-02-23,1498,1520,1480,1520,272850005,zob
2019-02-24,1550,1562,1491,1499,206910876,zob
2019-02-25,1505,1592,1488,1560,240292648,zob
2019-02-26,1520,1555,1478,1506,174467865,zob
2019-02-27,1520,1534,1475,1490,143447231,zob
2019-03-02,1484,1484,1431,1449,125085965,zob
2019-03-03,1440,1484,1396,1460,198487782,zob
2019-03-04,1472,1488,1450,1470,125517439,zob
2019-03-05,1480,1487,1425,1429,78919623,zob
2019-03-06,1420,1448,1404,1419,95843122,zob
2019-03-09,1406,1418,1375,1380,102666771,zob
2019-03-10,1370,1548,1370,1445,163153743,zob
2019-03-11,1447,1504,1435,1460,207537728,zob
2019-03-12,1455,1472,1427,1430,96559874,zob
2019-03-13,1480,1499,1426,1429,129266894,zob
2019-03-16,1430,1465,1408,1423,116501824,zob
2019-03-17,1446,1477,1421,1428,76091971,zob
2019-03-18,1440,1459,1437,1440,78934216,zob
2019-03-19,1450,1480,1450,1462,137639324,zob
2019-03-25,1475,1477,1440,1447,63561126,zob
2019-03-26,1450,1469,1431,1464,101521005,zob
2019-03-27,1469,1524,1468,1524,235350064,zob
2019-03-30,1560,1593,1540,1593,237725261,zob
2019-03-31,1630,1645,1531,1572,229097328,zob
2019-04-06,1591,1625,1548,1613,146915872,zob
2019-04-07,1640,1681,1621,1639,349939681,zob
2019-04-08,1640,1738,1619,1707,341774293,zob
2019-04-09,1699,1739,1652,1705,232791906,zob
2019-04-10,1718,1772,1689,1751,258702731,zob
2019-04-13,1774,1800,1687,1700,224141710,zob
2019-04-14,1676,1719,1649,1699,187840409,zob
2019-04-15,1705,1759,1705,1708,164035848,zob
2019-04-16,1716,1722,1641,1641,199431015,zob
2019-04-17,1610,1645,1586,1611,188771694,zob
2019-04-20,1625,1685,1625,1680,180823366,zob
2019-04-22,1710,1710,1601,1612,177492583,zob
2019-04-23,1606,1635,1582,1586,132619187,zob
2019-04-24,1600,1636,1581,1600,158795769,zob
2019-04-27,1616,1644,1601,1609,158753277,zob
2019-04-28,1627,1675,1627,1671,191717384,zob
2019-04-29,1689,1770,1689,1741,179365420,zob
2019-04-30,1770,1770,1646,1673,221924251,zob
2019-05-01,1670,1699,1649,1681,203414932,zob
2019-05-04,1659,1760,1659,1760,452145051,zob
2019-05-05,1808,1834,1750,1834,617411040,zob
2019-05-06,1890,1913,1780,1879,1013887239,zob
2019-05-07,1895,1920,1789,1789,535396810,zob
2019-05-08,1800,1885,1780,1870,395167702,zob
2019-05-11,1785,1833,1743,1743,337783280,zob
2019-05-12,1723,1748,1693,1695,369716505,zob
2019-05-13,1710,1770,1680,1743,184637901,zob
2019-05-14,1751,1789,1725,1733,228450848,zob
2019-05-15,1762,1775,1681,1719,186002489,zob
2019-05-18,1721,1790,1716,1750,205307199,zob
2019-05-19,1759,1841,1734,1820,302476977,zob
2019-05-20,1830,1830,1753,1774,154781329,zob
2019-05-21,1768,1810,1768,1773,130861242,zob
2019-05-22,1792,1809,1751,1771,103224533,zob
2019-05-25,1768,1771,1715,1730,88385053,zob
2019-05-26,1729,1765,1718,1729,108696298,zob
2019-05-28,1767,1810,1767,1778,148121772,zob
2019-05-29,1819,1823,1745,1750,143754834,zob
2019-06-01,1725,1746,1700,1714,225229224,zob
2019-06-02,1712,1786,1712,1758,161385245,zob
2019-06-03,1765,1828,1765,1810,226716767,zob
2019-06-08,1812,1830,1780,1793,117759029,zob
2019-06-09,1792,1860,1786,1826,210999001,zob
2019-06-10,1850,1870,1806,1811,182186068,zob
2019-06-11,1850,1850,1795,1817,175805395,zob
2019-06-12,1818,1848,1770,1775,205107527,zob
2019-06-15,1762,1777,1725,1741,157749884,zob
2019-06-16,1750,1801,1729,1738,170837369,zob
2019-06-17,1774,1800,1729,1736,68605162,zob
2019-06-18,1750,1770,1702,1722,118453696,zob
2019-06-19,1722,1722,1638,1670,132445889,zob
2019-06-24,1742,1819,1655,1755,119868156,zob
2019-06-25,1760,1789,1699,1780,202030663,zob
2019-06-26,1799,1836,1766,1836,429157109,zob
2019-06-30,1870,1874,1799,1804,196677251,zob
2019-07-01,1830,1830,1770,1776,138298529,zob
2019-07-02,1790,1790,1731,1740,174269008,zob
2019-07-03,1740,1779,1720,1729,152378685,zob
2019-07-06,1740,1743,1685,1690,202773653,zob
2019-07-10,1701,1745,1666,1671,125606265,zob
2019-07-13,1662,1670,1615,1635,234017022,zob
2019-07-14,1620,1674,1618,1656,141284541,zob
2019-07-15,1660,1670,1610,1615,125519773,zob
2019-07-16,1611,1611,1546,1546,104008297,zob
2019-07-17,1530,1600,1503,1540,158624926,zob
2019-07-20,1539,1599,1516,1520,115048941,zob
2019-07-21,1510,1575,1510,1545,104185061,zob
2019-07-22,1560,1594,1549,1578,129102333,zob
2019-07-23,1595,1595,1525,1548,68135685,zob
2019-07-24,1550,1550,1514,1521,102516858,zob
2019-07-27,1520,1543,1480,1488,143490216,zob
2019-07-28,1493,1566,1453,1566,248981265,zob
2019-07-29,1570,1590,1526,1539,100858386,zob
2019-07-30,1551,1564,1515,1524,82283478,zob
2019-07-31,1516,1549,1487,1508,124893951,zob
2019-08-03,1500,1500,1480,1490,108458227,zob
2019-08-04,1491,1535,1484,1506,103325173,zob
2019-08-05,1520,1527,1496,1505,111355912,zob
2019-08-06,1514,1546,1506,1513,109816893,zob
2019-08-07,1518,1528,1491,1500,119762701,zob
2019-08-10,1501,1510,1482,1487,110691367,zob
2019-08-11,1490,1508,1474,1485,116523571,zob
2019-08-13,1489,1557,1479,1557,171997726,zob
2019-08-14,1599,1601,1572,1601,254461954,zob
2019-08-17,1630,1630,1560,1581,181934402,zob
2019-08-18,1580,1650,1561,1606,162826828,zob
2019-08-19,1633,1680,1612,1639,110740754,zob
2019-08-21,1658,1658,1601,1610,159468272,zob
2019-08-24,1615,1651,1601,1628,193839813,zob
2019-08-25,1640,1664,1580,1615,157320167,zob
2019-08-26,1609,1689,1604,1689,241086343,zob
2019-08-27,1753,1753,1691,1710,459353815,zob
2019-08-28,1709,1829,1690,1811,395629715,zob
2019-08-31,1850,1870,1773,1827,478058501,zob
2019-09-01,1810,1882,1783,1813,254840696,zob
2019-09-02,1807,1859,1737,1737,292889069,zob
2019-09-03,1757,1773,1720,1756,139071799,zob
2019-09-04,1760,1823,1755,1796,204441233,zob
2019-09-07,1820,1829,1770,1790,180506339,zob
2019-09-08,1795,1795,1750,1759,201215860,zob
2019-09-11,1766,1798,1751,1780,160952189,zob
2019-09-14,1800,1860,1780,1860,339971622,zob
2019-09-15,1886,1927,1825,1909,339809262,zob
2019-09-16,1968,2059,1936,1959,254459146,zob
2019-09-17,1979,2039,1896,1988,298713211,zob
2019-09-18,1988,1988,1882,1912,271836710,zob
2019-09-21,1900,1975,1900,1948,136963794,zob
2019-09-22,1972,2000,1948,1968,149953595,zob
2019-09-23,1998,2080,1951,2080,297352581,zob
2019-09-24,2120,2145,2041,2081,269056235,zob
2019-09-25,2090,2194,2045,2194,367105808,zob
2019-09-28,2264,2275,2225,2275,133045599,zob
2019-09-29,2380,2380,2190,2316,396662296,zob
2019-09-30,2319,2419,2260,2380,244206142,zob
2019-10-01,2400,2420,2235,2235,332769319,zob
2019-10-02,2215,2400,2190,2247,224367117,zob
2019-10-05,2252,2341,2180,2222,192312679,zob
2019-10-06,2228,2298,2145,2217,118943770,zob
2019-10-07,2215,2284,2108,2201,171839068,zob
2019-10-08,2200,2220,2118,2118,155561551,zob
2019-10-09,2066,2128,2041,2085,254050349,zob
2019-10-12,2120,2137,2059,2125,151572393,zob
2019-10-13,2131,2159,2044,2061,128924034,zob
2019-10-14,2051,2076,1995,1995,155913360,zob
2019-10-15,1980,2003,1903,1903,140707707,zob
2019-10-16,1863,1972,1822,1866,222113590,zob
2019-10-20,1901,1921,1791,1796,310761946,zob
2019-10-21,1776,1843,1731,1840,188938114,zob
2019-10-22,1865,1887,1812,1887,146520433,zob
2019-10-23,1880,1890,1794,1831,118074138,zob
2019-10-26,1841,1843,1790,1834,72301992,zob
2019-10-28,1840,1900,1831,1899,102961657,zob
2019-10-30,1932,1975,1920,1975,163438649,zob
2019-11-02,2020,2038,1914,1934,143176677,zob
2019-11-03,1936,1986,1890,1922,134804886,zob
2019-11-04,1918,1922,1843,1843,167350818,zob
2019-11-05,1818,1887,1792,1835,126955666,zob
2019-11-09,1850,1880,1818,1826,96342748,zob
2019-11-10,1840,1840,1773,1793,109192967,zob
2019-11-11,1831,1880,1799,1811,79525271,zob
2019-11-12,1820,1844,1799,1807,111313264,zob
2019-11-13,1810,1849,1781,1836,118941427,zob
2019-11-16,1830,1835,1767,1770,102287015,zob
2019-11-17,1727,1755,1705,1705,176361108,zob
2019-11-18,1660,1778,1660,1729,112882486,zob
2019-11-19,1740,1810,1740,1802,74372974,zob
2019-11-20,1815,1835,1762,1790,83112068,zob
2019-11-23,1808,1808,1761,1770,83314051,zob
2019-11-24,1765,1796,1741,1769,111571849,zob
2019-11-25,1785,1846,1770,1846,189710967,zob
2019-11-26,1861,1872,1817,1830,110876006,zob
2019-11-27,1847,1848,1801,1820,109907214,zob
2019-11-30,1849,1913,1830,1913,324223600,zob
2019-12-01,1940,1978,1922,1950,152603812,zob
2019-12-02,1950,1960,1850,1890,178873217,zob
2019-12-03,1899,1925,1857,1880,118484756,zob
2019-12-04,1899,1916,1875,1891,141227379,zob
2019-12-07,1916,1960,1901,1916,166407309,zob
2019-12-08,1930,1969,1901,1949,183012828,zob
2019-12-09,1962,1980,1938,1959,184791254,zob
2019-12-10,1990,2056,1958,2010,368623139,zob
2019-12-11,2020,2135,1970,2107,263947302,zob
2019-12-14,2130,2140,2095,2110,181569128,zob
2019-12-15,2120,2135,2020,2035,252232907,zob
2019-12-16,2031,2081,2001,2047,168888808,zob
2019-12-17,2077,2118,2050,2077,173671689,zob
2019-12-18,2081,2098,2041,2064,163616396,zob
2019-12-21,2089,2089,2049,2059,172083675,zob
2019-12-22,2052,2105,2020,2079,237055999,zob
2019-12-23,2110,2152,2057,2109,448286630,zob
2019-12-24,2139,2199,2100,2149,186395427,zob
2019-12-25,2155,2192,2124,2168,173230505,zob
2019-12-28,2189,2250,2173,2212,219709411,zob
2019-12-29,2212,2235,2170,2195,158389127,zob
2019-12-30,2211,2211,2158,2164,234827651,zob
2019-12-31,2194,2237,2075,2165,229136853,zob
2020-01-01,2170,2260,2141,2248,554589194,zob
2020-01-05,2100,2149,1995,2063,395276574,zob
2020-01-07,2020,2099,1959,1959,234015093,zob
2020-01-08,1957,1998,1957,1961,758061820,zob
2020-01-11,1997,1997,1997,1997,11046845,zob
2020-01-12,2096,2096,2096,2096,272932645,zob
2020-01-13,2105,2200,2103,2200,612651598,zob
2020-01-14,2250,2278,2186,2211,273579650,zob
2020-01-15,2240,2290,2200,2225,188702203,zob
2020-01-18,2267,2350,2257,2269,310377941,zob
2020-01-19,2279,2305,2203,2225,277450357,zob
2020-01-20,2215,2222,2182,2190,160637695,zob
2020-01-21,2180,2180,2101,2115,206209853,zob
2020-01-22,2110,2199,2075,2168,249712181,zob
2020-01-25,2200,2205,2158,2161,274726879,zob
2020-01-26,2151,2198,2111,2135,332914771,zob
2020-01-27,2132,2178,2095,2161,237545461,zob
2020-01-28,2181,2249,2181,2249,254800781,zob
2020-02-01,2355,2355,2300,2355,642930025,zob
2020-02-02,2388,2466,2232,2466,452591492,zob
2020-02-03,2551,2551,2499,2551,164077118,zob
2020-02-04,2677,2677,2551,2677,736474711,zob
2020-02-05,2730,2796,2690,2796,218669647,zob
2020-02-08,2914,2914,2800,2900,860689697,zob
2020-02-09,2879,2965,2759,2800,684969874,zob
2020-02-10,2849,2850,2707,2707,455104453,zob
2020-02-12,2751,2861,2710,2861,426170755,zob
2020-02-15,2940,2959,2725,2790,295973880,zob
2020-02-16,2811,2969,2748,2969,527283188,zob
2020-02-17,3000,3027,2859,2900,315788040,zob
2020-02-18,2903,2940,2802,2834,221208475,zob
2020-02-19,2850,2920,2801,2816,201739366,zob
2020-02-22,2699,2870,2699,2784,314461458,zob
2020-02-23,3050,3190,2999,3077,448153834,zob
2020-02-24,3149,3149,2948,3001,410316246,zob
2020-02-25,3010,3098,2961,3050,376673008,zob
2020-02-26,3095,3095,2890,2930,460223419,zob
2020-02-29,2829,2861,2827,2827,178656310,zob
2020-03-01,2820,2897,2805,2825,314273135,zob
2020-03-02,2867,2977,2821,2949,304994827,zob
2020-03-03,2990,3030,2935,2950,243324201,zob
2020-03-04,2985,3044,2924,2942,322708272,zob
2020-03-07,2871,2900,2826,2826,153897121,zob
2020-03-09,2741,2785,2707,2707,83921328,zob
2020-03-10,2587,2670,2585,2585,328737015,zob
2020-03-11,2700,2734,2660,2709,206359592,zob
